name,min megahertz,max megahertz,min megabytes,max megabytes,mem_level:portal2,min megatexels,max megatexels,gpu_mem_level:portal2,mat_triplebuffered:portal2,min_processor_count,max_processor_count,cpu_level:portal2,VendorID,MinDeviceID,MaxDeviceID,m_nDriverVersion_BuildHigh,m_nDriverVersion_BuildLow,m_nDriverVersion_Vista_BuildHigh,m_nDriverVersion_Vista_BuildLow,MakeMeLast,Laptop:base,MinDxLevel:base,MaxDxLevel:base,DxLevel:base,CentroidHack:base,NoUserClipPlanes:base,PreferZPrepass:base,DisableShaderOptimizations:base,SuppressPixelShaderCentroidHackFixup:base,PreferTexturesInHWMemory:base,PreferHardwareSync:base,Unsupported:portal2,DefaultRes:portal2,DefaultResHeight:portal2,gpu_level:portal2,mat_antialias:portal2,mat_forceaniso:portal2,mat_grain_scale_override:portal2,mat_tonemapping_occlusion_use_stencil:portal2,mat_vsync:portal2,videoconfig_version:portal2
90,,,,,,,,,,,,,,,,,,,,,,90,90,90,0,0,0,,,0,1,,800,600,0,,,1,0,1,
92,,,,,,,,,,,,,,,,,,,,,,90,92,92,0,0,0,,,0,1,,1024,768,1,,,1,0,1,
95,,,,,,,,,,,,,,,,,,,,,,90,95,95,0,0,0,,,0,1,,1024,768,2,,,1,0,1,
97,,,,,,,,,,,,,,,,,,,,,,97,97,97,0,0,1,,,0,0,,1280,1024,3,,4,1,0,1,
98,,,,,,,,,,,,,,,,,,,,,,98,98,98,0,0,1,,,0,0,,1280,1024,3,,4,1,0,1,
100,,,,,,,,,,,,,,,,,,,,,,92,100,100,0,0,0,,,0,1,,1600,1200,3,4,4,1,0,1,
,,,,,,,,,,,,,,,,,,,,,,,,,,,,,,,,,,,,,,,,,
AMD,0,1700,,,,,,,,,,,,,,,,,,,,,,,,,,,,,,,,,,,,,,,
Intel,0,2000,,,,,,,,,,,,,,,,,,,,,,,,,,,,,,,,,,,,,,,
,,,,,,,,,,,,,,,,,,,,,,,,,,,,,,,,,,,,,,,,,
memory [0-1024),,,0,1200,0,,,,,,,,,,,,,,,,,,,,,,,,,,,,,,,,,,,,
memory [1024-1536),,,1200,1800,1,,,,,,,,,,,,,,,,,,,,,,,,,,,,,,,,,,,,
memory [1536-),,,1800,65535,2,,,,,,,,,,,,,,,,,,,,,,,,,,,,,,,,,,,,
,,,,,,,,,,,,,,,,,,,,,,,,,,,,,,,,,,,,,,,,,
vid mem [0-128),,,,,,0,140,0,0,,,,,,,,,,,,,,,,,,,,,,,,,,,,,,,,
vid mem [128-256),,,,,,140,300,1,0,,,,,,,,,,,,,,,,,,,,,,,,,,,,,,,,
vid mem [256-infinity),,,,,,300,530,2,0,,,,,,,,,,,,,,,,,,,,,,,,,,,,,,,,
vid mem [512-infinity),,,,,,530,65535,2,1,,,,,,,,,,,,,,,,,,,,,,,,,,,,,,,,
,,,,,,,,,,,,,,,,,,,,,,,,,,,,,,,,,,,,,,,,,
cpu_level_0,,,,,,,,,,1,1,0,,,,,,,,,,,,,,,,,,,,,,,,,,,,,1
cpu_level_1,,,,,,,,,,2,2,1,,,,,,,,,,,,,,,,,,,,,,,,,,,,,1
cpu_level 2,,,,,,,,,,3,99,2,,,,,,,,,,,,,,,,,,,,,,,,,,,,,1
,,,,,,,,,,,,,,,,,,,,,,,,,,,,,,,,,,,,,,,,,
Card/dxlevel specific stuff,,,,,,,,,,,,,,,,,,,,,,,,,,,,,,,,,,,,,,,,,
90,,,,,,,,,,,,,0x1002,,,,,,,,,,,,,,,,,,,,,,,,,,,,
,,,,,,,,,,,,,,,,,,,,,,,,,,,,,,,,,,,,,,,,,
,,,,,,,,,,,,,,,,,,,,,,,,,,,,,,,,,,,,,,,,,
,,,,,,,,,,,,,,,,,,,,,,,,,,,,,,,,,,,,,,,,,
,,,,,,,,,,,,,,,,,,,,,,,,,,,,,,,,,,,,,,,,,
,,,,,,,,,,,,,,,,,,,,,,,,,,,,,,,,,,,,,,,,,
ATI Unknown,,,,,,,,,,,,,0x1002,0x0000,0xffff,,,,,1,,,,,1,,,,,,,,1280,1024,3,0,0,1,,,
ATI Mobility Radeon X600,,,,,,,,,,,,,0x1002,0x3150,0x3150,,,,,,1,,,,1,,,,,,,1,800,600,0,0,0,1,,,
ATI FireMV 2400,,,,,,,,,,,,,0x1002,0x3151,0x3151,,,,,,,,,,,,,,,,,1,800,600,0,0,0,1,,,
ATI Mobility Radeon X300,,,,,,,,,,,,,0x1002,0x3152,0x3152,,,,,,1,,,,1,,,,,,,1,800,600,0,0,0,1,,,
ATI Mobility FireGL V3200,,,,,,,,,,,,,0x1002,0x3154,0x3154,,,,,,1,,,92,1,,,,,,,1,800,600,0,0,0,1,,,
ATI FireMV 2400,,,,,,,,,,,,,0x1002,0x3171,0x3171,,,,,,,,,,,,,,,,,1,800,600,0,0,0,1,,,
ATI Radeon X600,,,,,,,,,,,,,0x1002,0x3e50,0x3e50,,,,,,,,,,1,,,,,,,1,800,600,0,0,0,1,,,
ATI FireGL V3200,,,,,,,,,,,,,0x1002,0x3e54,0x3e54,,,,,,,,,92,1,,,,,,,1,800,600,0,0,0,1,,,
ATI Radeon X600,,,,,,,,,,,,,0x1002,0x3e70,0x3e70,,,,,,,,,,1,,,,,,,1,800,600,0,0,0,1,,,
ATI Radeon IGP 320,,,,,,,,,,,,,0x1002,0x4136,0x4136,,,,,,,,,92,1,,,,,,,1,800,600,0,0,0,1,,,
ATI Radeon IGP 340/RS200,,,,,,,,,,,,,0x1002,0x4137,0x4137,,,,,,,,,92,1,,,,,,,1,800,600,0,0,0,1,,,
ATI Radeon 9500/9700,,,,,,,,,,,,,0x1002,0x4144,0x4144,,,,,,,,,92,1,,,,,,,1,800,600,0,0,0,1,,,
ATI Radeon 9800,,,,,,,,,,,,,0x1002,0x4145,0x4145,,,,,,,,,92,1,,,,,,,1,800,600,0,0,0,1,,,
ATI Radeon 9600,,,,,,,,,,,,,0x1002,0x4146,0x4146,,,,,,,,,92,1,,,,,,,1,800,600,0,0,0,1,,,
ATI FireGL Z1 AGP Pro,,,,,,,,,,,,,0x1002,0x4147,0x4147,,,,,,,,,92,1,,,,,,,1,800,600,0,0,0,1,,,
ATI Radeon 9800 SE,,,,,,,,,,,,,0x1002,0x4148,0x4148,,,,,,,,,92,1,,,,,,,1,800,600,0,0,0,1,,,
ATI Radeon 9500,,,,,,,,,,,,,0x1002,0x4149,0x4149,,,,,,,,,92,1,,,,,,,1,800,600,0,0,0,1,,,
ATI Radeon 9800 XT,,,,,,,,,,,,,0x1002,0x414a,0x414a,,,,,,,,,92,1,,,,,,,1,800,600,0,0,0,1,,,
ATI Radeon 9600,,,,,,,,,,,,,0x1002,0x4150,0x4152,,,,,,,,,92,1,,,,,,,1,800,600,0,0,0,1,,,
ATI Radeon 9550,,,,,,,,,,,,,0x1002,0x4153,0x4153,,,,,,,,,92,1,,,,,,,1,800,600,0,0,0,1,,,
ATI FireGL T2 (9600),,,,,,,,,,,,,0x1002,0x4154,0x4154,,,,,,,,,92,1,,,,,,,1,800,600,0,0,0,1,,,
ATI Radeon 9600,,,,,,,,,,,,,0x1002,0x4155,0x4155,,,,,,,,,92,1,,,,,,,1,800,600,0,0,0,1,,,
ATI Radeon 9500/9700,,,,,,,,,,,,,0x1002,0x4164,0x4164,,,,,,,,,92,1,,,,,,,1,800,600,0,0,0,1,,,
ATI Radeon 9800,,,,,,,,,,,,,0x1002,0x4168,0x4168,,,,,,,,,92,1,,,,,,,1,800,600,0,0,0,1,,,
ATI Radeon 9600,,,,,,,,,,,,,0x1002,0x4170,0x4172,,,,,,,,,92,1,,,,,,,1,800,600,0,0,0,1,,,
ATI Radeon 9550,,,,,,,,,,,,,0x1002,0x4173,0x4173,,,,,,,,,92,1,,,,,,,1,800,600,0,0,0,1,,,
ATI Radeon 9600,,,,,,,,,,,,,0x1002,0x4175,0x4175,,,,,,,,,92,1,,,,,,,1,800,600,0,0,0,1,,,
ATI Radeon 8500,,,,,,,,,,,,,0x1002,0x4242,0x4242,,,,,,,,,,,,,,,,,1,800,600,0,0,0,1,,,
ATI Radeon IGP 320M,,,,,,,,,,,,,0x1002,0x4336,0x4336,,,,,,,,,92,1,,,,,,,1,800,600,0,0,0,1,,,
ATI Radeon IGP 340M,,,,,,,,,,,,,0x1002,0x4337,0x4337,,,,,,,,,92,1,,,,,,,1,800,600,0,0,0,1,,,
ATI mach64 CT PCI,,,,,,,,,,,,,0x1002,0x4354,0x4354,,,,,,,,,,,,,,,,,1,800,600,0,0,0,1,,,
ATI Mobility Radeon 7000 IGP,,,,,,,,,,,,,0x1002,0x4437,0x4437,,,,,,,,,,,,,,,,,1,800,600,0,0,0,1,,,
ATI Rage Pro AGP 2X,,,,,,,,,,,,,0x1002,0x4742,0x4742,,,,,,,,,,,,,,,,,1,800,600,0,0,0,1,,,
ATI 3D Rage Pro AGP,,,,,,,,,,,,,0x1002,0x4744,0x4744,,,,,,,,,,,,,,,,,1,800,600,0,0,0,1,,,
ATI 3D Rage Pro,,,,,,,,,,,,,0x1002,0x4749,0x4749,,,,,,,,,,,,,,,,,1,800,600,0,0,0,1,,,
ATI Rage XL,,,,,,,,,,,,,0x1002,0x474d,0x474d,,,,,,,,,,,,,,,,,1,800,600,0,0,0,1,,,
ATI RAGE XC AGP,,,,,,,,,,,,,0x1002,0x474e,0x474e,,,,,,,,,,,,,,,,,1,800,600,0,0,0,1,,,
ATI RAGE XL PCI-66,,,,,,,,,,,,,0x1002,0x474f,0x474f,,,,,,,,,,,,,,,,,1,800,600,0,0,0,1,,,
ATI 3D Rage Pro PCI,,,,,,,,,,,,,0x1002,0x4750,0x4750,,,,,,,,,,,,,,,,,1,800,600,0,0,0,1,,,
ATI Rage XL,,,,,,,,,,,,,0x1002,0x4752,0x4752,,,,,,,,,,,,,,,,,1,800,600,0,0,0,1,,,
ATI 3D Rage II PCI,,,,,,,,,,,,,0x1002,0x4754,0x4754,,,,,,,,,,,,,,,,,1,800,600,0,0,0,1,,,
ATI 3D Rage II+ PCI,,,,,,,,,,,,,0x1002,0x4755,0x4755,,,,,,,,,,,,,,,,,1,800,600,0,0,0,1,,,
ATI 3D Rage IIC PCI,,,,,,,,,,,,,0x1002,0x4756,0x4756,,,,,,,,,,,,,,,,,1,800,600,0,0,0,1,,,
ATI RAGE IIC AGP ,,,,,,,,,,,,,0x1002,0x4757,0x4757,,,,,,,,,,,,,,,,,1,800,600,0,0,0,1,,,
ATI Graphics Pro Turbo PCI ,,,,,,,,,,,,,0x1002,0x4758,0x4758,,,,,,,,,,,,,,,,,1,800,600,0,0,0,1,,,
ATI Technologies Inc. 3D RAGE IIC PCI,,,,,,,,,,,,,0x1002,0x4759,0x4759,,,,,,,,,,,,,,,,,1,800,600,0,0,0,1,,,
ATI Rage IIC AGP,,,,,,,,,,,,,0x1002,0x475a,0x475a,,,,,,,,,,,,,,,,,1,800,600,0,0,0,1,,,
ATI Radeon 9000,,,,,,,,,,,,,0x1002,0x4966,0x4966,,,,,,,,,,,,,,,,,1,800,600,0,0,0,1,,,
ATI Radeon 9000,,,,,,,,,,,,,0x1002,0x496e,0x496e,,,,,,,,,,,,,,,,,1,800,600,0,0,0,1,,,
ATI Radeon X800,,,,,,,,,,,,,0x1002,0x4a48,0x4a4c,,,,,,,,,,1,,,,,,,,1280,1024,0,2,0,1,,,
ATI FireGL X3-256,,,,,,,,,,,,,0x1002,0x4a4d,0x4a4d,,,,,,,,,92,1,,,,,,,1,800,600,0,0,0,1,,,
ATI Mobility Radeon 9800,,,,,,,,,,,,,0x1002,0x4a4e,0x4a4e,,,,,,1,,,92,1,,,,,,,1,800,600,0,0,0,1,,,
ATI Radeon X800,,,,,,,,,,,,,0x1002,0x4a4f,0x4a50,,,,,,,,,,1,,,,,,,,1280,1024,0,2,0,1,,,
ATI Radeon X800,,,,,,,,,,,,,0x1002,0x4a54,0x4a54,,,,,,,,,,1,,,,,,,,1280,1024,0,2,0,1,,,
ATI Radeon X800,,,,,,,,,,,,,0x1002,0x4a69,0x4a6b,,,,,,,,,,1,,,,,,,,1280,1024,0,2,0,1,,,
ATI FireGL X3-256,,,,,,,,,,,,,0x1002,0x4a6d,0x4a6d,,,,,,,,,92,1,,,,,,,,1024,768,0,0,0,1,,,
ATI Radeon X800,,,,,,,,,,,,,0x1002,0x4a70,0x4a70,,,,,,,,,,1,,,,,,,,1280,1024,0,2,0,1,,,
ATI Radeon X800,,,,,,,,,,,,,0x1002,0x4a74,0x4a74,,,,,,,,,,1,,,,,,,,1280,1024,0,2,0,1,,,
ATI Radeon X800,,,,,,,,,,,,,0x1002,0x4b49,0x4b49,,,,,,,,,,1,,,,,,,,1280,1024,0,2,0,1,,,
ATI Radeon X850,,,,,,,,,,,,,0x1002,0x4b4b,0x4b4b,,,,,,,,,,1,,,,,,,,1280,1024,0,2,0,1,,,
ATI Radeon X800,,,,,,,,,,,,,0x1002,0x4b4c,0x4b4c,,,,,,,,,,1,,,,,,,,1280,1024,0,2,0,1,,,
ATI Radeon X850,,,,,,,,,,,,,0x1002,0x4b57,0x4b57,,,,,,,,,,1,,,,,,,,1280,1024,0,2,0,1,,,
ATI Radeon X850,,,,,,,,,,,,,0x1002,0x4b69,0x4b69,,,,,,,,,,1,,,,,,,,1280,1024,0,2,0,1,,,
ATI Radeon X850,,,,,,,,,,,,,0x1002,0x4b6b,0x4b6c,,,,,,,,,,1,,,,,,,,1280,1024,1,2,0,1,,,
ATI 3D Rage LT Pro AGP 2X,,,,,,,,,,,,,0x1002,0x4c42,0x4c42,,,,,,,,,,,,,,,,,1,800,600,0,0,0,1,,,
ATI Rage Mobility 128,,,,,,,,,,,,,0x1002,0x4c46,0x4c46,,,,,,,,,,,,,,,,,1,800,600,0,0,0,1,,,
ATI 3D Rage LT Pro PCI,,,,,,,,,,,,,0x1002,0x4c49,0x4c49,,,,,,,,,,,,,,,,,1,800,600,0,0,0,1,,,
ATI Rage Mobility,,,,,,,,,,,,,0x1002,0x4c4d,0x4c4d,,,,,,,,,,,,,,,,,1,800,600,0,0,0,1,,,
ATI 3D Rage LT Pro,,,,,,,,,,,,,0x1002,0x4c50,0x4c50,,,,,,,,,,,,,,,,,1,800,600,0,0,0,1,,,
ATI Rage Mobility,,,,,,,,,,,,,0x1002,0x4c52,0x4c52,,,,,,,,,,,,,,,,,1,800,600,0,0,0,1,,,
ATI Mobility Radeon 7500,,,,,,,,,,,,,0x1002,0x4c57,0x4c57,,,,,,,,,,,,,,,,,1,800,600,0,0,0,1,,,
ATI Radeon Mobility FireGL 7800,,,,,,,,,,,,,0x1002,0x4c58,0x4c58,,,,,,,,,,,,,,,,,1,800,600,0,0,0,1,,,
ATI Mobility Radeon,,,,,,,,,,,,,0x1002,0x4c59,0x4c59,,,,,,,,,,,,,,,,,1,800,600,0,0,0,1,,,
ATI Mobility Radeon 8500/9000/9200,,,,,,,,,,,,,0x1002,0x4c66,0x4c66,,,,,,,,,,,,,,,,,1,800,600,0,0,0,1,,,
ATI Mobility 128 AGP 4X,,,,,,,,,,,,,0x1002,0x4d46,0x4d46,,,,,,,,,,,,,,,,,1,800,600,0,0,0,1,,,
ATI Radeon 9700 PRO,,,,,,,,,,,,,0x1002,0x4e44,0x4e44,,,,,,,,,92,1,,,,,,,1,800,600,0,0,0,1,,,
ATI Radeon 9500 PRO / 9700,,,,,,,,,,,,,0x1002,0x4e45,0x4e45,,,,,,,,,92,1,,,,,,,1,800,600,0,0,0,1,,,
ATI Radeon 9600 TX,,,,,,,,,,,,,0x1002,0x4e46,0x4e46,,,,,,,,,92,1,,,,,,,1,800,600,0,0,0,1,,,
ATI FireGL X1 AGP Pro,,,,,,,,,,,,,0x1002,0x4e47,0x4e47,,,,,,,,,92,1,,,,,,,1,800,600,0,0,0,1,,,
ATI Radeon 9800,,,,,,,,,,,,,0x1002,0x4e48,0x4e4a,,,,,,,,,92,1,,,,,,,1,800,600,0,0,0,1,,,
ATI FireGL X2,,,,,,,,,,,,,0x1002,0x4e4b,0x4e4b,,,,,,,,,92,1,,,,,,,1,800,600,0,0,0,1,,,
ATI Mobility Radeon 9600/9650/9700,,,,,,,,,,,,,0x1002,0x4e50,0x4e50,,,,,,1,,,92,1,,,,,,,1,800,600,0,0,0,1,,,
ATI Radeon 9600,,,,,,,,,,,,,0x1002,0x4e51,0x4e51,,,,,,,,,92,1,,,,,,,1,800,600,0,0,0,1,,,
ATI Mobility Radeon 9700 SE,,,,,,,,,,,,,0x1002,0x4e52,0x4e52,,,,,,,,,,,,,,,,,1,800,600,0,0,0,1,,,
ATI Mobility FireGL T2,,,,,,,,,,,,,0x1002,0x4e54,0x4e54,,,,,,1,,,92,1,,,,,,,1,800,600,0,0,0,1,,,
ATI Mobility Radeon 9550,,,,,,,,,,,,,0x1002,0x4e56,0x4e56,,,,,,,,,,,,,,,,,1,800,600,0,0,0,1,,,
ATI Radeon 9500/9700,,,,,,,,,,,,,0x1002,0x4e64,0x4e66,,,,,,,,,92,1,,,,,,,1,800,600,0,0,0,1,,,
ATI FireGL X1 AGP Pro,,,,,,,,,,,,,0x1002,0x4e67,0x4e67,,,,,,,,,92,1,,,,,,,1,800,600,0,0,0,1,,,
ATI Radeon 9800,,,,,,,,,,,,,0x1002,0x4e68,0x4e6a,,,,,,,,,92,1,,,,,,,1,800,600,0,0,0,1,,,
ATI FireGL X2-256/X2-256t,,,,,,,,,,,,,0x1002,0x4e6b,0x4e6b,,,,,,,,,92,1,,,,,,,1,800,600,0,0,0,1,,,
ATI Radeon 9600,,,,,,,,,,,,,0x1002,0x4e71,0x4e71,,,,,,,,,92,1,,,,,,,1,800,600,0,0,0,1,,,
ATI All-In-Wonder 128 PCI,,,,,,,,,,,,,0x1002,0x5044,0x5044,,,,,,,,,,,,,,,,,1,800,600,0,0,0,1,,,
ATI Rage Fury MAXX,,,,,,,,,,,,,0x1002,0x5046,0x5046,,,,,,,,,,,,,,,,,1,800,600,0,0,0,1,,,
ATI Rage 128 Pro,,,,,,,,,,,,,0x1002,0x5050,0x5050,,,,,,,,,,,,,,,,,1,800,600,0,0,0,1,,,
ATI Rage 128 Pro,,,,,,,,,,,,,0x1002,0x5052,0x5052,,,,,,,,,,,,,,,,,1,800,600,0,0,0,1,,,
ATI Radeon 7200,,,,,,,,,,,,,0x1002,0x5144,0x5144,,,,,,,,,,,,,,,,,1,800,600,0,0,0,1,,,
ATI FireGL 8700/8800 Video Accelerator,,,,,,,,,,,,,0x1002,0x5148,0x5148,,,,,,,,,,,,,,,,,1,800,600,0,0,0,1,,,
ATI Radeon 8500,,,,,,,,,,,,,0x1002,0x514c,0x514c,,,,,,,,,,,,,,,,,1,800,600,0,0,0,1,,,
ATI Radeon 9100,,,,,,,,,,,,,0x1002,0x514d,0x514d,,,,,,,,,,,,,,,,,1,800,600,0,0,0,1,,,
ATI Radeon 7500,,,,,,,,,,,,,0x1002,0x5157,0x5157,,,,,,,,,,,,,,,,,1,800,600,0,0,0,1,,,
ATI Radeon 7000,,,,,,,,,,,,,0x1002,0x5159,0x515a,,,,,,,,,,,,,,,,,1,800,600,0,0,0,1,,,
ATI ES1000 ,,,,,,,,,,,,,0x1002,0x515e,0x515e,,,,,,,,,,,,,,,,,1,800,600,0,0,0,1,,,
ATI Rage 128,,,,,,,,,,,,,0x1002,0x5245,0x5246,,,,,,,,,,,,,,,,,1,800,600,0,0,0,1,,,
ATI Rage 128,,,,,,,,,,,,,0x1002,0x524b,0x524c,,,,,,,,,,,,,,,,,1,800,600,0,0,0,1,,,
ATI Rage 128 4X AGP 4X,,,,,,,,,,,,,0x1002,0x5347,0x5347,,,,,,,,,,,,,,,,,1,800,600,0,0,0,1,,,
ATI Radeon X700 SE,,,,,,,,,,,,,0x1002,0x534c,0x534c,,,,,,,,,,1,,,,,,,1,800,600,0,0,0,1,,,
ATI Rage 128,,,,,,,,,,,,,0x1002,0x534d,0x534d,,,,,,,,,,,,,,,,,1,800,600,0,0,0,1,,,
ATI Rage 128 Pro,,,,,,,,,,,,,0x1002,0x5446,0x5446,,,,,,,,,,,,,,,,,1,800,600,0,0,0,1,,,
ATI Rage 128 Pro,,,,,,,,,,,,,0x1002,0x5452,0x5452,,,,,,,,,,,,,,,,,1,800,600,0,0,0,1,,,
ATI Mobility Radeon X300,,,,,,,,,,,,,0x1002,0x5460,0x5460,,,,,,1,,,,1,,,,,,,1,800,600,0,0,0,1,,,
ATI Mobility Radeon X600,,,,,,,,,,,,,0x1002,0x5462,0x5462,,,,,,1,,,,1,,,,,,,1,800,600,0,0,0,1,,,
ATI Mobility FireGL V3100,,,,,,,,,,,,,0x1002,0x5464,0x5464,,,,,,1,,,92,1,,,,,,,1,800,600,0,0,0,1,,,
ATI Radeon X800,,,,,,,,,,,,,0x1002,0x5548,0x554b,,,,,,,,,,1,,,,,,,,1280,1024,1,2,0,1,,,
ATI Radeon X800,,,,,,,,,,,,,0x1002,0x554d,0x554f,,,,,,,,,,1,,,,,,,,1280,1024,1,2,0,1,,,
ATI FireGL V7100,,,,,,,,,,,,,0x1002,0x5550,0x5550,,,,,,,,,92,1,,,,,,,,1024,768,1,0,0,1,,,
ATI FireGL V5100,,,,,,,,,,,,,0x1002,0x5551,0x5551,,,,,,,,,92,1,,,,,,,,1024,768,1,0,0,1,,,
ATI Radeon X800,,,,,,,,,,,,,0x1002,0x5569,0x556b,,,,,,,,,,1,,,,,,,,1280,1024,1,2,0,1,,,
ATI Radeon X800,,,,,,,,,,,,,0x1002,0x556d,0x556f,,,,,,,,,,1,,,,,,,,1280,1024,1,2,0,1,,,
ATI FireGL V7100,,,,,,,,,,,,,0x1002,0x5570,0x5570,,,,,,,,,92,1,,,,,,,,1024,768,1,0,0,1,,,
ATI FireGL V5100,,,,,,,,,,,,,0x1002,0x5571,0x5571,,,,,,,,,92,1,,,,,,,,1024,768,1,0,0,1,,,
ATI FireGL V5000,,,,,,,,,,,,,0x1002,0x564b,0x564b,,,,,,,,,92,1,,,,,,,,1024,768,1,0,0,1,,,
ATI Mobility Radeon X700,,,,,,,,,,,,,0x1002,0x564f,0x564f,,,,,,1,,,,1,,,,,,,1,800,600,0,0,0,1,,,
ATI Mobility Radeon X700,,,,,,,,,,,,,0x1002,0x5652,0x5653,,,,,,1,,,,1,,,,,,,1,800,600,0,0,0,1,,,
ATI ATI-264VT2 PCI,,,,,,,,,,,,,0x1002,0x5654,0x5654,,,,,,,,,,,,,,,,,1,800,600,0,0,0,1,,,
ATI Technologies Inc. ATI-264VT4 PCI,,,,,,,,,,,,,0x1002,0x5656,0x5656,,,,,,,,,,,,,,,,,1,800,600,0,0,0,1,,,
ATI Radeon X550,,,,,,,,,,,,,0x1002,0x5657,0x5657,,,,,,,,,,1,,,,,,,1,800,600,0,0,0,1,,,
ATI Radeon X550,,,,,,,,,,,,,0x1002,0x5677,0x5677,,,,,,,,,,1,,,,,,,1,800,600,0,0,0,1,,,
ATI Radeon 9100 IGP,,,,,,,,,,,,,0x1002,0x5834,0x5834,,,,,,,,,,,,,,,,,1,800,600,0,0,0,1,,,
ATI Mobility Radeon 9000/9100 IGP,,,,,,,,,,,,,0x1002,0x5835,0x5835,,,,,,,,,,,,,,,,,1,800,600,0,0,0,1,,,
ATI Radeon Xpress 200,,,,,,,,,,,,,0x1002,0x5854,0x5854,,,,,,,,,,,,,,,,,1,800,600,0,0,0,1,,,
ATI Radeon Xpress 200,,,,,,,,,,,,,0x1002,0x5874,0x5874,,,,,,,,,,,,,,,,,1,800,600,0,0,0,1,,,
ATI Radeon 9250,,,,,,,,,,,,,0x1002,0x5940,0x5940,,,,,,,,,,,,,,,,,1,800,600,0,0,0,1,,,
ATI Radeon 9200,,,,,,,,,,,,,0x1002,0x5941,0x5941,,,,,,,,,,,,,,,,,1,800,600,0,0,0,1,,,
ATI Radeon 9250/9200,,,,,,,,,,,,,0x1002,0x5942,0x5942,,,,,,,,,92,1,,,,,,,1,800,600,0,0,0,1,,,
ATI RS480,,,,,,,,,,,,,0x1002,0x5954,0x5954,,,,,,,,,,1,,,,,,,,800,600,1,0,0,1,,,
ATI RS480M,,,,,,,,,,,,,0x1002,0x5955,0x5955,,,,,,,,,,1,,,,,,,,800,600,1,0,0,1,,,
ATI Radeon 9200,,,,,,,,,,,,,0x1002,0x5960,0x5962,,,,,,,,,92,1,,,,,,,1,800,600,0,0,0,1,,,
ATI Radeon 9200,,,,,,,,,,,,,0x1002,0x5964,0x5964,,,,,,,,,,,,,,,,,1,800,600,0,0,0,1,,,
ATI FireMV 2200 PCI,,,,,,,,,,,,,0x1002,0x5965,0x5965,,,,,,,,,92,1,,,,,,,1,800,600,0,0,0,1,,,
ATI Radeon Xpress 200,,,,,,,,,,,,,0x1002,0x5974,0x5975,,,,,,,,,92,1,,,,,,,1,800,600,0,0,0,1,,,
ATI RS400,,,,,,,,,,,,,0x1002,0x5a41,0x5a41,,,,,,,,,,1,,,,,,,1,800,600,0,0,0,1,,,
ATI RS400M,,,,,,,,,,,,,0x1002,0x5a42,0x5a42,,,,,,,,,,1,,,,,,,1,800,600,0,0,0,1,,,
ATI Radeon Xpress 200,,,,,,,,,,,,,0x1002,0x5a61,0x5a62,,,,,,,,,92,1,,,,,,,1,800,600,0,0,0,1,,,
ATI Radeon X300,,,,,,,,,,,,,0x1002,0x5b60,0x5b60,,,,,,,,,,1,,,,,,,1,800,600,0,0,0,1,,,
ATI Radeon X600,,,,,,,,,,,,,0x1002,0x5b62,0x5b62,,,,,,,,,,1,,,,,,,1,800,600,0,0,0,1,,,
ATI Radeon X550,,,,,,,,,,,,,0x1002,0x5b63,0x5b63,,,,,,,,,,1,,,,,,,1,800,600,0,0,0,1,,,
ATI FireGL V3100,,,,,,,,,,,,,0x1002,0x5b64,0x5b64,,,,,,,,,92,1,,,,,,,1,800,600,0,0,0,1,,,
ATI FireMV 2200,,,,,,,,,,,,,0x1002,0x5b65,0x5b65,,,,,,,,,92,1,,,,,,,1,800,600,0,0,0,1,,,
ATI Radeon X300,,,,,,,,,,,,,0x1002,0x5b70,0x5b70,,,,,,,,,,1,,,,,,,1,800,600,0,0,0,1,,,
ATI Radeon X600,,,,,,,,,,,,,0x1002,0x5b72,0x5b72,,,,,,,,,,1,,,,,,,1,800,600,0,0,0,1,,,
ATI Radeon X550,,,,,,,,,,,,,0x1002,0x5b73,0x5b73,,,,,,,,,,1,,,,,,,1,800,600,0,0,0,1,,,
ATI FireGL V3100,,,,,,,,,,,,,0x1002,0x5b74,0x5b74,,,,,,,,,92,1,,,,,,,1,800,600,0,0,0,1,,,
ATI Radeon 9250,,,,,,,,,,,,,0x1002,0x5c43,0x5c43,,,,,,,,,92,1,,,,,,,1,800,600,0,0,0,1,,,
ATI Mobility Radeon 9200,,,,,,,,,,,,,0x1002,0x5c61,0x5c61,,,,,,,,,,,,,,,,,1,800,600,0,0,0,1,,,
ATI Mobility Radeon 9200,,,,,,,,,,,,,0x1002,0x5c63,0x5c63,,,,,,,,,,,,,,,,,1,800,600,0,0,0,1,,,
ATI Radeon 9200,,,,,,,,,,,,,0x1002,0x5d44,0x5d44,,,,,,,,,,,,,,,,,1,800,600,0,0,0,1,,,
ATI FireMV 2200,,,,,,,,,,,,,0x1002,0x5d45,0x5d45,,,,,,,,,,1,,,,,,,1,800,600,0,0,0,1,,,
ATI Mobility Radeon X800,,,,,,,,,,,,,0x1002,0x5d48,0x5d48,,,,,,,,,,1,,,,,,,,1024,768,1,0,0,1,,,
ATI Mobility FireGL V5100,,,,,,,,,,,,,0x1002,0x5d49,0x5d49,,,,,,1,,,92,1,,,,,,,1,800,600,0,0,0,1,,,
ATI Mobility Radeon X800,,,,,,,,,,,,,0x1002,0x5d4a,0x5d4a,,,,,,1,,,,1,,,,,,,,1024,768,1,0,0,1,,,
ATI Radeon X800,,,,,,,,,,,,,0x1002,0x5d4d,0x5d4d,,,,,,,,,,1,,,,,,,,1280,1024,1,2,0,1,,,
ATI Radeon X850,,,,,,,,,,,,,0x1002,0x5d4f,0x5d4f,,,,,,,,,,1,,,,,,,,1280,1024,1,2,0,1,,,
ATI Radeon X800,,,,,,,,,,,,,0x1002,0x5d52,0x5d52,,,,,,,,,,1,,,,,,,,1280,1024,1,2,0,1,,,
ATI Radeon X800,,,,,,,,,,,,,0x1002,0x5d57,0x5d57,,,,,,,,,,1,,,,,,,,1280,1024,1,2,0,1,,,
ATI Radeon X850,,,,,,,,,,,,,0x1002,0x5d6d,0x5d6d,,,,,,,,,,1,,,,,,,,1280,1024,1,2,0,1,,,
ATI Radeon X800,,,,,,,,,,,,,0x1002,0x5d6f,0x5d6f,,,,,,,,,,1,,,,,,,,1280,1024,1,2,0,1,,,
ATI Radeon X850,,,,,,,,,,,,,0x1002,0x5d72,0x5d72,,,,,,,,,,1,,,,,,,,1280,1024,1,2,0,1,,,
ATI Radeon X800,,,,,,,,,,,,,0x1002,0x5d77,0x5d77,,,,,,,,,,1,,,,,,,,1280,1024,1,2,0,1,,,
ATI FireGL V3400,,,,,,,,,,,,,0x1002,0x5e48,0x5e48,,,,,,,,,92,1,,,,,,,1,800,600,0,0,0,1,,,
ATI FireGL V3300,,,,,,,,,,,,,0x1002,0x5e49,0x5e49,,,,,,,,,92,1,,,,,,,1,800,600,0,0,0,1,,,
ATI Radeon X700,,,,,,,,,,,,,0x1002,0x5e4a,0x5e4a,,,,,,,,,,1,,,,,,,1,800,600,0,0,0,1,,,
ATI Radeon X700 PRO,,,,,,,,,,,,,0x1002,0x5e4b,0x5e4b,,,,,,,,,,1,,,,,,,1,800,600,0,0,0,1,,,
ATI Radeon X700,,,,,,,,,,,,,0x1002,0x5e4d,0x5e4d,,,,,,,,,,1,,,,,,,1,800,600,0,0,0,1,,,
ATI Radeon X700,,,,,,,,,,,,,0x1002,0x5e4f,0x5e4f,,,,,,,,,,1,,,,,,,1,800,600,0,0,0,1,,,
ATI Radeon X700,,,,,,,,,,,,,0x1002,0x5e6b,0x5e6b,,,,,,,,,,1,,,,,,,1,800,600,0,0,0,1,,,
ATI Radeon X700,,,,,,,,,,,,,0x1002,0x5e6d,0x5e6d,,,,,,,,,,1,,,,,,,1,800,600,0,0,0,1,,,
ATI Radeon X700,,,,,,,,,,,,,0x1002,0x5e6f,0x5e6f,,,,,,,,,,1,,,,,,,1,800,600,0,0,0,1,,,
ATI Radeon HD 6970,,,,,,,,,,,,,0x1002,0x6718,0x6718,,,,,,,,,,,,,,,,,,2560,1600,3,4,4,1,,,
ATI Radeon HD 6950,,,,,,,,,,,,,0x1002,0x6719,0x6719,,,,,,,,,,,,,,,,,,2560,1600,3,4,4,1,,,
ATI Radeon HD 6990,,,,,,,,,,,,,0x1002,0x671d,0x671d,,,,,,,,,,,,,,,,,,2560,1600,3,4,4,1,,,
ATI Radeon HD 6970M,,,,,,,,,,,,,0x1002,0x6720,0x6720,,,,,,,,,,,,,,,,,,1900,1200,3,4,4,1,,,
ATI Radeon HD 6870,,,,,,,,,,,,,0x1002,0x6738,0x6738,,,,,,,,,,,,,,,,,,2560,1600,3,4,4,1,,,
ATI Radeon HD 6850,,,,,,,,,,,,,0x1002,0x6739,0x6739,,,,,,,,,,,,,,,,,,2560,1600,3,4,4,1,,,
ATI Radeon HD 6700 Series,,,,,,,,,,,,,0x1002,0x673e,0x673e,,,,,,,,,,,,,,,,,,1900,1200,3,4,4,1,,,
ATI Radeon HD 6770M,,,,,,,,,,,,,0x1002,0x6740,0x6740,,,,,,,,,,,,,,,,,,1900,1200,3,4,4,1,,,
ATI Radeon HD 6750M,,,,,,,,,,,,,0x1002,0x6741,0x6741,,,,,,,,,,,,,,,,,,1900,1200,3,4,4,1,,,
ATI Radeon HD 6670,,,,,,,,,,,,,0x1002,0x6758,0x6758,,,,,,,,,,,,,,,,,,2560,1600,3,4,4,1,,,
ATI Radeon HD 6490M,,,,,,,,,,,,,0x1002,0x6760,0x6760,,,,,,,,,,,,,,,,,,1900,1200,3,4,4,1,,,
ATI Radeon HD 6400 Series,,,,,,,,,,,,,0x1002,0x6770,0x6770,,,,,,,,,,,,,,,,,,1900,1200,3,2,4,1,,,
ATI Radeon HD 5xxx Series,,,,,,,,,,,,,0x1002,0x6779,0x6779,,,,,,,,,,,,,,,,,,1900,1200,3,4,4,1,,,
ATI FirePro V8800 ,,,,,,,,,,,,,0x1002,0x6888,0x6888,,,,,,,,,,,,,,,,,,640,480,1,0,0,1,,,
ATI FirePro V7800,,,,,,,,,,,,,0x1002,0x6889,0x6889,,,,,,,,,,,,,,,,,,640,480,1,0,0,1,,,
ATI Radeon HD 5870,,,,,,,,,,,,,0x1002,0x6898,0x6898,,,,,,,,,,,,,,,,,,2560,1600,3,4,4,1,,,
ATI Radeon HD 5850,,,,,,,,,,,,,0x1002,0x6899,0x6899,,,,,,,,,,,,,,,,,,2560,1600,3,4,4,1,,,
ATI Radeon HD 5970,,,,,,,,,,,,,0x1002,0x689c,0x689c,,,,,,,,,,,,,,,,,,2560,1600,3,4,4,1,,,
ATI Radeon HD 5830,,,,,,,,,,,,,0x1002,0x689e,0x689e,,,,,,,,,,,,,,,,,,1900,1200,3,4,4,1,,,
ATI Mobility Radeon HD 5870,,,,,,,,,,,,,0x1002,0x68a0,0x68a0,,,,,,,,,,,,,,,,,,1900,1200,3,4,4,1,,,
ATI Mobility Radeon HD 5850,,,,,,,,,,,,,0x1002,0x68a1,0x68a1,,,,,,,,,,,,,,,,,,1900,1200,3,4,4,1,,,
ATI FirePro V5800 ,,,,,,,,,,,,,0x1002,0x68a9,0x68a9,,,,,,,,,,,,,,,,,,800,600,0,0,0,1,,,
ATI Radeon HD 5770,,,,,,,,,,,,,0x1002,0x68b8,0x68b8,,,,,,,,,,,,,,,,,,1900,1200,3,4,4,1,,,
ATI Radeon HD 5600 Series,,,,,,,,,,,,,0x1002,0x68b9,0x68b9,,,,,,,,,,,,,,,,,,1900,1200,3,4,4,1,,,
ATI Radeon HD 6700 Series,,,,,,,,,,,,,0x1002,0x68ba,0x68ba,,,,,,,,,,,,,,,,,,1900,1200,3,4,4,1,,,
ATI Radeon HD 5750,,,,,,,,,,,,,0x1002,0x68be,0x68be,,,,,,,,,,,,,,,,,,1900,1200,3,4,4,1,,,
ATI Radeon HD 6700 Series,,,,,,,,,,,,,0x1002,0x68bf,0x68bf,,,,,,,,,,,,,,,,,,1900,1200,3,4,4,1,,,
ATI Mobility Radeon HD 5730,,,,,,,,,,,,,0x1002,0x68c0,0x68c0,,,,,,,,,,,,,,,,,,1900,1200,3,4,4,1,,,
ATI Mobility Radeon HD 5650,,,,,,,,,,,,,0x1002,0x68c1,0x68c1,,,,,,,,,,,,,,,,,,1900,1200,3,4,4,1,,,
ATI FirePro V4800 ,,,,,,,,,,,,,0x1002,0x68c8,0x68c8,,,,,,,,,,,,,,,,,,800,600,0,0,0,1,,,
ATI FirePro V3800,,,,,,,,,,,,,0x1002,0x68c9,0x68c9,,,,,,,,,,,,,,,,,,800,600,0,0,0,1,,,
ATI Radeon HD 5670,,,,,,,,,,,,,0x1002,0x68d8,0x68d8,,,,,,,,,,,,,,,,,,1900,1200,3,4,4,1,,,
ATI Radeon HD 5570,,,,,,,,,,,,,0x1002,0x68d9,0x68d9,,,,,,,,,,,,,,,,,,1900,1200,3,4,4,1,,,
ATI Radeon HD 5550,,,,,,,,,,,,,0x1002,0x68da,0x68da,,,,,,,,,,,,,,,,,,1900,1200,3,4,4,1,,,
ATI Mobility Radeon HD 5470,,,,,,,,,,,,,0x1002,0x68e0,0x68e0,,,,,,,,,,,,,,,,,,1900,1200,3,4,4,1,,,
ATI Mobility Radeon HD 5430,,,,,,,,,,,,,0x1002,0x68e1,0x68e1,,,,,,,,,,,,,,,,,,1900,1200,3,4,4,1,,,
ATI Mobility Radeon Graphics,,,,,,,,,,,,,0x1002,0x68e4,0x68e4,,,,,,,,,,,,,,,,,,800,600,0,0,0,1,,,
ATI Radeon HD 5450,,,,,,,,,,,,,0x1002,0x68f9,0x68f9,,,,,,,,,,,,,,,,,,1900,1200,3,4,4,1,,,
ATI Radeon X1800,,,,,,,,,,,,,0x1002,0x7100,0x7101,,,,,,,,,,1,,,,,,,,1024,768,1,2,2,1,,,
ATI Mobility Radeon X1800,,,,,,,,,,,,,0x1002,0x7102,0x7102,,,,,,1,,,,1,,,,,,,,1024,768,1,0,2,1,,,
ATI FireGL V7200,,,,,,,,,,,,,0x1002,0x7104,0x7104,,,,,,,,,92,1,,,,,,,,800,600,0,0,0,1,,,
ATI Radeon X1800,,,,,,,,,,,,,0x1002,0x7108,0x710b,,,,,,,,,,1,,,,,,,,1024,768,1,2,2,1,,,
ATI FireGL V7300,,,,,,,,,,,,,0x1002,0x710e,0x710e,,,,,,,,,92,1,,,,,,,,800,600,0,0,0,1,,,
ATI FireGL V7350,,,,,,,,,,,,,0x1002,0x710f,0x710f,,,,,,,,,92,1,,,,,,,,800,600,0,0,0,1,,,
ATI Radeon X1800,,,,,,,,,,,,,0x1002,0x7120,0x7120,,,,,,,,,,1,,,,,,,,1024,768,1,2,2,1,,,
ATI FireGL V7200,,,,,,,,,,,,,0x1002,0x7124,0x7124,,,,,,,,,92,1,,,,,,,,800,600,0,0,0,1,,,
ATI Radeon X1800,,,,,,,,,,,,,0x1002,0x7129,0x712a,,,,,,,,,,1,,,,,,,,1024,768,2,2,2,1,,,
ATI Radeon X1600,,,,,,,,,,,,,0x1002,0x7140,0x7140,,,,,,,,,,1,,,,,,,,1024,768,1,0,2,1,,,
ATI Radeon X1300,,,,,,,,,,,,,0x1002,0x7142,0x7142,,,,,,,,,,1,,,,,,,,800,600,0,0,0,1,,,
ATI Radeon X1550,,,,,,,,,,,,,0x1002,0x7143,0x7143,,,,,,,,,,1,,,,,,,,800,600,0,0,0,1,,,
ATI Mobility Radeon X1400,,,,,,,,,,,,,0x1002,0x7145,0x7145,,,,,,1,,,,1,,,,,,,,800,600,1,0,0,1,,,
ATI Radeon X1300,,,,,,,,,,,,,0x1002,0x7146,0x7146,,,,,,,,,,1,,,,,,,,800,600,1,0,0,1,,,
ATI Radeon X1550,,,,,,,,,,,,,0x1002,0x7147,0x7147,,,,,,,,,,1,,,,,,,,800,600,0,0,0,1,,,
ATI Mobility Radeon X1300,,,,,,,,,,,,,0x1002,0x7149,0x714a,,,,,,1,,,,1,,,,,,,,800,600,1,0,0,1,,,
ATI FireGL V3300,,,,,,,,,,,,,0x1002,0x7152,0x7152,,,,,,,,,92,1,,,,,,,,800,600,0,0,0,1,,,
ATI FireGL V3350,,,,,,,,,,,,,0x1002,0x7153,0x7153,,,,,,,,,92,1,,,,,,,,800,600,0,0,0,1,,,
ATI Radeon X1550,,,,,,,,,,,,,0x1002,0x715f,0x715f,,,,,,,,,,1,,,,,,,,800,600,0,0,0,1,,,
ATI Radeon X1600,,,,,,,,,,,,,0x1002,0x7160,0x7160,,,,,,,,,,1,,,,,,,,1024,768,1,0,2,1,,,
ATI Radeon X1300,,,,,,,,,,,,,0x1002,0x7162,0x7162,,,,,,,,,,1,,,,,,,,800,600,0,0,0,1,,,
ATI Radeon X1550,,,,,,,,,,,,,0x1002,0x7163,0x7163,,,,,,,,,,1,,,,,,,,800,600,0,0,0,1,,,
ATI Radeon X1300,,,,,,,,,,,,,0x1002,0x7166,0x7166,,,,,,,,,,1,,,,,,,,800,600,0,0,0,1,,,
ATI Radeon X1550,,,,,,,,,,,,,0x1002,0x7167,0x7167,,,,,,,,,,1,,,,,,,,800,600,0,0,0,1,,,
ATI FireGL V3300,,,,,,,,,,,,,0x1002,0x7172,0x7172,,,,,,,,,,,,,,,,,,800,600,0,0,0,1,,,
ATI FireGL V3350,,,,,,,,,,,,,0x1002,0x7173,0x7173,,,,,,,,,,,,,,,,,,800,600,0,0,0,1,,,
ATI Radeon X1550,,,,,,,,,,,,,0x1002,0x717f,0x717f,,,,,,,,,,1,,,,,,,,800,600,0,0,0,1,,,
ATI Radeon X1650,,,,,,,,,,,,,0x1002,0x7181,0x7181,,,,,,,,,,1,,,,,,,,1024,768,1,0,2,1,,,
ATI Radeon X1300,,,,,,,,,,,,,0x1002,0x7183,0x7183,,,,,,,,,,1,,,,,,,,800,600,0,0,0,1,,,
ATI Mobility Radeon X1450,,,,,,,,,,,,,0x1002,0x7186,0x7186,,,,,,1,,,,1,,,,,,,,800,600,0,0,0,1,,,
ATI Radeon X1550,,,,,,,,,,,,,0x1002,0x7187,0x7187,,,,,,,,,,1,,,,,,,,800,600,0,0,0,1,,,
ATI Mobility Radeon X2300,,,,,,,,,,,,,0x1002,0x7188,0x7188,,,,,,1,,,,1,,,,,,,,800,600,0,0,0,1,,,
ATI Mobility Radeon X2300,,,,,,,,,,,,,0x1002,0x718a,0x718a,,,,,,1,,,,1,,,,,,,,800,600,0,0,0,1,,,
ATI Mobility Radeon X1350,,,,,,,,,,,,,0x1002,0x718b,0x718b,,,,,,1,,,,1,,,,,,,,800,600,0,0,0,1,,,
ATI Radeon X1550,,,,,,,,,,,,,0x1002,0x7193,0x7193,,,,,,,,,,1,,,,,,,,800,600,0,0,0,1,,,
ATI Mobility Radeon X1350,,,,,,,,,,,,,0x1002,0x7196,0x7196,,,,,,1,,,,1,,,,,,,,800,600,0,0,0,1,,,
ATI FireMV 2250,,,,,,,,,,,,,0x1002,0x719b,0x719b,,,,,,,,,,1,,,,,,,,800,600,0,0,0,1,,,
ATI Radeon X1550,,,,,,,,,,,,,0x1002,0x719f,0x719f,,,,,,,,,,1,,,,,,,,800,600,0,0,0,1,,,
ATI Radeon X1600,,,,,,,,,,,,,0x1002,0x71a1,0x71a1,,,,,,,,,,1,,,,,,,,1024,768,1,0,2,1,,,
ATI Radeon X1300,,,,,,,,,,,,,0x1002,0x71a3,0x71a3,,,,,,,,,,1,,,,,,,,800,600,0,0,0,1,,,
ATI Radeon X1300,,,,,,,,,,,,,0x1002,0x71a7,0x71a7,,,,,,,,,,1,,,,,,,,800,600,0,0,0,1,,,
ATI Radeon X1600,,,,,,,,,,,,,0x1002,0x71c0,0x71c0,,,,,,,,,,1,,,,,,,,1024,768,1,0,2,1,,,
ATI Radeon X1650,,,,,,,,,,,,,0x1002,0x71c1,0x71c1,,,,,,,,,,1,,,,,,,,1024,768,1,0,2,1,,,
ATI Radeon X1600,,,,,,,,,,,,,0x1002,0x71c2,0x71c3,,,,,,,,,,1,,,,,,,,1024,768,1,0,2,1,,,
ATI MOBILITY FireGL V5200,,,,,,,,,,,,,0x1002,0x71c4,0x71c4,,,,,,1,,,92,1,,,,,,,,800,600,0,0,0,1,,,
ATI Mobility Radeon X1600,,,,,,,,,,,,,0x1002,0x71c5,0x71c5,,,,,,1,,,,1,,,,,,,,800,600,0,0,0,1,,,
ATI Radeon X1650,,,,,,,,,,,,,0x1002,0x71c6,0x71c6,,,,,,,,,,1,,,,,,,,1024,768,1,0,2,1,,,
ATI Radeon X1600,,,,,,,,,,,,,0x1002,0x71c7,0x71c7,,,,,,,,,,1,,,,,,,,1024,768,1,0,2,1,,,
ATI Radeon X1600,,,,,,,,,,,,,0x1002,0x71cd,0x71cd,,,,,,,,,,1,,,,,,,,1024,768,1,0,2,1,,,
ATI Radeon X1300,,,,,,,,,,,,,0x1002,0x71ce,0x71ce,,,,,,,,,,1,,,,,,,,800,600,0,0,0,1,,,
ATI FireGL V3400,,,,,,,,,,,,,0x1002,0x71d2,0x71d2,,,,,,,,,92,1,,,,,,,,800,600,0,0,0,1,,,
ATI Mobility FireGL V5250,,,,,,,,,,,,,0x1002,0x71d4,0x71d4,,,,,,1,,,92,1,,,,,,,,1024,768,1,0,2,1,,,
ATI Mobility Radeon X1700,,,,,,,,,,,,,0x1002,0x71d5,0x71d6,,,,,,1,,,,1,,,,,,,,1024,768,1,0,2,1,,,
ATI FireGL V5200,,,,,,,,,,,,,0x1002,0x71da,0x71da,,,,,,,,,92,1,,,,,,,,1024,768,1,0,2,1,,,
ATI Mobility Radeon X1700,,,,,,,,,,,,,0x1002,0x71de,0x71de,,,,,,1,,,,1,,,,,,,,1024,768,1,0,2,1,,,
ATI Radeon X1600,,,,,,,,,,,,,0x1002,0x71e0,0x71e0,,,,,,,,,,1,,,,,,,,1024,768,1,0,2,1,,,
ATI Radeon X1650,,,,,,,,,,,,,0x1002,0x71e1,0x71e1,,,,,,,,,,1,,,,,,,,1024,768,1,0,2,1,,,
ATI Radeon X1600,,,,,,,,,,,,,0x1002,0x71e2,0x71e3,,,,,,,,,,1,,,,,,,,1024,768,1,0,2,1,,,
ATI Radeon X1650,,,,,,,,,,,,,0x1002,0x71e6,0x71e7,,,,,,,,,,1,,,,,,,,1024,768,1,0,2,1,,,
ATI Radeon X1600,,,,,,,,,,,,,0x1002,0x71ed,0x71ed,,,,,,,,,,1,,,,,,,,1024,768,1,0,2,1,,,
ATI Radeon X1300,,,,,,,,,,,,,0x1002,0x71ee,0x71ee,,,,,,,,,,1,,,,,,,,1024,768,1,0,0,1,,,
ATI FireGL V3400,,,,,,,,,,,,,0x1002,0x71f2,0x71f2,,,,,,,,,92,1,,,,,,,,1024,768,1,0,0,1,,,
ATI FireGL V5200,,,,,,,,,,,,,0x1002,0x71fa,0x71fa,,,,,,,,,92,1,,,,,,,,1024,768,1,0,2,1,,,
ATI Mobility Radeon HD 2300,,,,,,,,,,,,,0x1002,0x7210,0x7211,,,,,,1,,,,1,,,,,,,,1024,768,2,2,2,1,,,
ATI Radeon X1950,,,,,,,,,,,,,0x1002,0x7240,0x7240,,,,,,,,,,1,,,,,,,,1280,1024,2,2,4,1,,,
ATI Radeon X1950,,,,,,,,,,,,,0x1002,0x7244,0x7244,,,,,,,,,,1,,,,,,,,1280,1024,2,2,4,1,,,
ATI Radeon X1950,,,,,,,,,,,,,0x1002,0x7248,0x7248,,,,,,,,,,1,,,,,,,,1280,1024,2,2,4,1,,,
ATI Radeon X1900,,,,,,,,,,,,,0x1002,0x7249,0x7249,,,,,,,,,,1,,,,,,,,1024,768,2,2,2,1,,,
ATI Radeon X1900,,,,,,,,,,,,,0x1002,0x724b,0x724b,,,,,,,,,,1,,,,,,,,1024,768,2,2,2,1,,,
ATI Radeon X1950,,,,,,,,,,,,,0x1002,0x7260,0x7260,,,,,,,,,,1,,,,,,,,1280,1024,2,2,4,1,,,
ATI Radeon X1950,,,,,,,,,,,,,0x1002,0x7264,0x7264,,,,,,,,,,1,,,,,,,,1280,1024,2,2,4,1,,,
ATI Radeon X1900,,,,,,,,,,,,,0x1002,0x7269,0x7269,,,,,,,,,,1,,,,,,,,1024,768,2,2,2,1,,,
ATI Radeon X1900,,,,,,,,,,,,,0x1002,0x726b,0x726b,,,,,,,,,,1,,,,,,,,1024,768,2,2,2,1,,,
ATI Radeon X1950,,,,,,,,,,,,,0x1002,0x7280,0x7280,,,,,,,,,,1,,,,,,,,1280,1024,2,2,4,1,,,
ATI Mobility Radeon X1900,,,,,,,,,,,,,0x1002,0x7284,0x7284,,,,,,1,,,,1,,,,,,,,1024,768,2,0,2,1,,,
ATI Radeon X1950,,,,,,,,,,,,,0x1002,0x7288,0x7288,,,,,,,,,,1,,,,,,,,1280,1024,2,2,4,1,,,
ATI Radeon X1650,,,,,,,,,,,,,0x1002,0x7291,0x7291,,,,,,,,,,1,,,,,,,,1024,768,1,0,2,1,,,
ATI Radeon X1650,,,,,,,,,,,,,0x1002,0x7293,0x7293,,,,,,,,,,1,,,,,,,,1024,768,1,0,2,1,,,
ATI Radeon X1950,,,,,,,,,,,,,0x1002,0x72a0,0x72a0,,,,,,,,,,1,,,,,,,,1280,1024,2,2,4,1,,,
ATI Radeon X1950,,,,,,,,,,,,,0x1002,0x72a8,0x72a8,,,,,,,,,,1,,,,,,,,1280,1024,2,2,4,1,,,
ATI Radeon X1650,,,,,,,,,,,,,0x1002,0x72b1,0x72b1,,,,,,,,,,1,,,,,,,,1024,768,1,0,2,1,,,
ATI Radeon X1650,,,,,,,,,,,,,0x1002,0x72b3,0x72b3,,,,,,,,,,1,,,,,,,,1024,768,1,0,2,1,,,
ATI Radeon 9000/9100 PRO IGP,,,,,,,,,,,,,0x1002,0x7834,0x7834,,,,,,,,,,,,,,,,,1,640,480,0,0,0,1,,,
ATI Mobility Radeon 9000 IGP,,,,,,,,,,,,,0x1002,0x7835,0x7835,,,,,,,,,,,,,,,,,1,640,480,0,0,0,1,,,
ATI Radeon Xpress 1200,,,,,,,,,,,,,0x1002,0x791e,0x791e,,,,,,,,,92,1,,,,,,,1,640,480,0,0,0,1,,,
ATI Radeon Xpress 1270,,,,,,,,,,,,,0x1002,0x791f,0x791f,,,,,,,,,92,1,,,,,,,1,640,480,0,0,0,1,,,
ATI Radeon Xpress 1200,,,,,,,,,,,,,0x1002,0x7941,0x7941,,,,,,,,,92,1,,,,,,,1,640,480,0,0,0,1,,,
ATI Radeon Xpress 1250,,,,,,,,,,,,,0x1002,0x7942,0x7942,,,,,,,,,92,1,,,,,,,1,640,480,0,0,0,1,,,
ATI Radeon 2100,,,,,,,,,,,,,0x1002,0x796e,0x796e,,,,,,,,,92,1,,,,,,,,1024,768,1,0,0,1,,,
ATI Radeon HD 2900 XT,,,,,,,,,,,,,0x1002,0x9400,0x9400,,,,,,,,,,1,,,,,,,,1280,1024,2,2,4,1,,,
ATI Radeon HD 2900,,,,,,,,,,,,,0x1002,0x9403,0x9403,,,,,,,,,,1,,,,,,,,1280,1024,2,2,4,1,,,
ATI Radeon HD 2900,,,,,,,,,,,,,0x1002,0x9405,0x9405,,,,,,,,,,1,,,,,,,,1280,1024,2,2,4,1,,,
ATI FireGL V8650,,,,,,,,,,,,,0x1002,0x940a,0x940a,,,,,,,,,92,1,,,,,,,,1280,1024,1,2,4,1,,,
ATI FireGL V8600,,,,,,,,,,,,,0x1002,0x940b,0x940b,,,,,,,,,92,1,,,,,,,,1280,1024,1,2,4,1,,,
ATI FireGL V7600,,,,,,,,,,,,,0x1002,0x940f,0x940f,,,,,,,,,92,1,,,,,,,,1280,1024,1,2,4,1,,,
ATI Radeon HD 4870 X2,,,,,,,,,,,,,0x1002,0x9440,0x9441,,,,,,,,,,1,,,,,,,,1900,1200,3,4,4,1,,,
ATI Radeon HD 4850,,,,,,,,,,,,,0x1002,0x9442,0x9442,,,,,,,,,,1,,,,,,,,1900,1200,3,4,4,1,,,
ATI Radeon HD 4850 X2,,,,,,,,,,,,,0x1002,0x9443,0x9443,,,,,,,,,,,,,,,,,,1900,1200,3,4,4,1,,,
ATI FirePro V8750 ,,,,,,,,,,,,,0x1002,0x9444,0x9444,,,,,,,,,,,,,,,,,,800,600,1,1,1,1,,,
ATI Mobility Radeon HD 4850,,,,,,,,,,,,,0x1002,0x944a,0x944a,,,,,,,,,,1,,,,,,,,1900,1200,3,4,4,1,,,
ATI Radeon HD 4830,,,,,,,,,,,,,0x1002,0x944c,0x944c,,,,,,,,,,,,,,,,,,1900,1200,3,4,4,1,,,
ATI Radeon HD 4730,,,,,,,,,,,,,0x1002,0x944e,0x944e,,,,,,,,,,,,,,,,,,1900,1200,3,4,4,1,,,
AMD FireStream 9270,,,,,,,,,,,,,0x1002,0x9450,0x9450,,,,,,,,,,,,,,,,,,800,600,1,1,1,1,,,
ATI FirePro V8700 ,,,,,,,,,,,,,0x1002,0x9456,0x9456,,,,,,,,,,,,,,,,,,800,600,1,1,1,1,,,
ATI Mobility Radeon HD 4870,,,,,,,,,,,,,0x1002,0x945a,0x945a,,,,,,,,,,,,,,,,,,1900,1200,3,4,4,1,,,
ATI Radeon HD 4890,,,,,,,,,,,,,0x1002,0x9460,0x9460,,,,,,,,,,,,,,,,,,1900,1200,3,4,4,1,,,
ATI Radeon HD 4800 Series,,,,,,,,,,,,,0x1002,0x9462,0x9462,,,,,,,,,,,,,,,,,,1900,1200,3,4,4,1,,,
ATI Mobility Radeon HD 4650,,,,,,,,,,,,,0x1002,0x9480,0x9480,,,,,,,,,,,,,,,,,,1900,1200,3,4,4,1,,,
ATI Mobility Radeon HD 4670,,,,,,,,,,,,,0x1002,0x9488,0x9488,,,,,,,,,,,,,,,,,,1900,1200,3,4,4,1,,,
ATI Radeon HD 4670,,,,,,,,,,,,,0x1002,0x9490,0x9490,,,,,,,,,,1,,,,,,,,1900,1200,3,4,4,1,,,
ATI Radeon HD 4650,,,,,,,,,,,,,0x1002,0x9495,0x9495,,,,,,,,,,,,,,,,,,1900,1200,3,4,4,1,,,
ATI Radeon HD 4650,,,,,,,,,,,,,0x1002,0x9498,0x9498,,,,,,,,,,1,,,,,,,,1900,1200,3,4,4,1,,,
ATI FirePro V7750 ,,,,,,,,,,,,,0x1002,0x949c,0x949c,,,,,,,,,,,,,,,,,,800,600,1,1,1,1,,,
ATI FirePro V5700 ,,,,,,,,,,,,,0x1002,0x949e,0x949e,,,,,,,,,,,,,,,,,,800,600,1,1,1,1,,,
ATI FirePro V3750 ,,,,,,,,,,,,,0x1002,0x949f,0x949f,,,,,,,,,,,,,,,,,,800,600,1,1,1,1,,,
ATI Mobility Radeon HD 4830,,,,,,,,,,,,,0x1002,0x94a0,0x94a0,,,,,,,,,,,,,,,,,,1900,1200,3,2,4,1,,,
ATI FirePro M7740,,,,,,,,,,,,,0x1002,0x94a3,0x94a3,,,,,,,,,,,,,,,,,,800,600,1,1,1,1,,,
ATI Radeon HD 4770,,,,,,,,,,,,,0x1002,0x94b3,0x94b3,,,,,,,,,,,,,,,,,,1900,1200,3,4,4,1,,,
ATI Radeon HD 4750,,,,,,,,,,,,,0x1002,0x94b4,0x94b4,,,,,,,,,,,,,,,,,,1900,1200,3,4,4,1,,,
ATI Radeon HD 4770,,,,,,,,,,,,,0x1002,0x94b5,0x94b5,,,,,,,,,,,,,,,,,,1900,1200,3,4,4,1,,,
ATI Radeon HD 2400,,,,,,,,,,,,,0x1002,0x94c1,0x94c1,,,,,,,,,,1,,,,,,,,800,600,1,1,1,1,,,
ATI Radeon HD 2400,,,,,,,,,,,,,0x1002,0x94c3,0x94c4,,,,,,,,,,1,,,,,,,,800,600,1,1,1,1,,,
ATI Radeon HD 2350,,,,,,,,,,,,,0x1002,0x94c7,0x94c7,,,,,,,,,,1,,,,,,,,800,600,1,1,1,1,,,
ATI Mobility Radeon HD 2400,,,,,,,,,,,,,0x1002,0x94c8,0x94c9,,,,,,1,,,,1,,,,,,,,800,600,1,1,1,1,,,
ATI Radeon HD 2400,,,,,,,,,,,,,0x1002,0x94cc,0x94cc,,,,,,,,,,1,,,,,,,,800,600,1,1,1,1,,,
ATI Radeon HD 3870,,,,,,,,,,,,,0x1002,0x9500,0x9501,,,,,,,,,,1,,,,,,,,1900,1200,3,4,4,1,,,
ATI Mobility Radeon HD 3850,,,,,,,,,,,,,0x1002,0x9504,0x9504,,,,,,1,,,,1,,,,,,,,1900,1200,3,4,4,1,,,
ATI Radeon HD 3850,,,,,,,,,,,,,0x1002,0x9505,0x9505,,,,,,,,,,1,,,,,,,,1900,1200,3,4,4,1,,,
ATI Mobility Radeon HD 3850 X2,,,,,,,,,,,,,0x1002,0x9506,0x9506,,,,,,,,,,1,,,,,,,,1900,1200,3,4,4,1,,,
ATI Mobility Radeon HD 3870,,,,,,,,,,,,,0x1002,0x9508,0x9509,,,,,,,,,,1,,,,,,,,1900,1200,3,4,4,1,,,
ATI Radeon HD 3870,,,,,,,,,,,,,0x1002,0x950f,0x950f,,,,,,,,,,1,,,,,,,,1900,1200,3,4,4,1,,,
ATI FireGL V7700,,,,,,,,,,,,,0x1002,0x9511,0x9511,,,,,,,,,,,,,,,,,,800,600,1,1,1,1,,,
ATI Radeon HD 3850,,,,,,,,,,,,,0x1002,0x9513,0x9513,,,,,,,,,,1,,,,,,,,1900,1200,3,4,4,1,,,
ATI Radeon HD 3850,,,,,,,,,,,,,0x1002,0x9515,0x9515,,,,,,,,,,1,,,,,,,,1900,1200,3,4,4,1,,,
ATI Radeon HD 4550,,,,,,,,,,,,,0x1002,0x9540,0x9540,,,,,,,,,,1,,,,,,,,1900,1200,3,4,4,1,,,
ATI Radeon HD 4350,,,,,,,,,,,,,0x1002,0x954f,0x954f,,,,,,,,,,1,,,,,,,,1900,1200,3,4,4,1,,,
ATI Mobility Radeon HD 4300,,,,,,,,,,,,,0x1002,0x9552,0x9552,,,,,,,,,,1,,,,,,,,1900,1200,3,4,4,1,,,
ATI Mobility Radeon HD 4570,,,,,,,,,,,,,0x1002,0x9553,0x9553,,,,,,,,,,1,,,,,,,,1900,1200,3,4,4,1,,,
ATI Mobility Radeon HD 4550,,,,,,,,,,,,,0x1002,0x9555,0x9555,,,,,,,,,,1,,,,,,,,1900,1200,3,4,4,1,,,
ATI Radeon HD 2600,,,,,,,,,,,,,0x1002,0x9580,0x9580,,,,,,,,,,1,,,,,,,,1024,768,1,0,4,1,,,
ATI Mobility Radeon HD 2600,,,,,,,,,,,,,0x1002,0x9581,0x9581,,,,,,1,,,,1,,,,,,,,1024,768,1,0,4,1,,,
ATI Mobility Radeon HD 2600,,,,,,,,,,,,,0x1002,0x9583,0x9583,,,,,,1,,,,1,,,,,,,,1024,768,1,0,4,1,,,
ATI Radeon HD 2600,,,,,,,,,,,,,0x1002,0x9586,0x958a,,,,,,,,,,1,,,,,,,,1024,768,1,0,4,1,,,
ATI FireGL V5600,,,,,,,,,,,,,0x1002,0x958c,0x958c,,,,,,,,,,1,,,,,,,,1024,768,1,0,2,1,,,
ATI FireGL V3600,,,,,,,,,,,,,0x1002,0x958d,0x958d,,,,,,,,,,1,,,,,,,,1024,768,1,0,2,1,,,
ATI Mobility Radeon HD 3650 ,,,,,,,,,,,,,0x1002,0x9591,0x9591,,,,,,1,,,,1,,,,,,,,1024,768,1,0,2,1,,,
ATI Mobility FireGL V5725,,,,,,,,,,,,,0x1002,0x9593,0x9593,,,,,,,,,,,,,,,,,,1024,768,1,0,4,1,,,
ATI Radeon HD 3650,,,,,,,,,,,,,0x1002,0x9596,0x9598,,,,,,,,,,1,,,,,,,,1024,768,1,0,4,1,,,
ATI Radeon HD 3600 Series,,,,,,,,,,,,,0x1002,0x9599,0x9599,,,,,,,,,,,,,,,,,,1024,768,1,0,4,1,,,
ATI Radeon HD 3470,,,,,,,,,,,,,0x1002,0x95c0,0x95c0,,,,,,,,,,1,,,,,,,,1024,768,1,0,4,1,,,
ATI Mobility Radeon HD 3430,,,,,,,,,,,,,0x1002,0x95c2,0x95c2,,,,,,,,,,1,,,,,,,,1024,768,1,0,4,1,,,
ATI Mobility Radeon HD 3470,,,,,,,,,,,,,0x1002,0x95c4,0x95c4,,,,,,1,,,,1,,,,,,,,1024,768,1,0,4,1,,,
ATI Radeon HD 3450,,,,,,,,,,,,,0x1002,0x95c5,0x95c5,,,,,,,,,,1,,,,,,,,1024,768,1,0,4,1,,,
ATI Radeon HD 4350,,,,,,,,,,,,,0x1002,0x95c6,0x95c6,,,,,,,,,,,,,,,,,,1280,1024,2,2,4,1,,,
ATI FirePro V3700,,,,,,,,,,,,,0x1002,0x95cc,0x95cc,,,,,,,,,,,,,,,,,,800,600,1,1,1,1,,,
ATI FirePro 2450,,,,,,,,,,,,,0x1002,0x95cd,0x95cd,,,,,,,,,,,,,,,,,,800,600,1,1,1,1,,,
ATI FireMV 2260,,,,,,,,,,,,,0x1002,0x95cf,0x95cf,,,,,,,,,,,,,,,,,,800,600,1,1,1,1,,,
ATI Radeon HD 3200,,,,,,,,,,,,,0x1002,0x9610,0x9610,,,,,,,,,,1,,,,,,,,1024,768,1,0,4,1,,,
ATI Radeon 3100,,,,,,,,,,,,,0x1002,0x9611,0x9611,,,,,,,,,,1,,,,,,,,1024,768,1,0,4,1,,,
ATI Radeon HD 3200,,,,,,,,,,,,,0x1002,0x9612,0x9612,,,,,,,,,,1,,,,,,,,1024,768,1,0,4,1,,,
ATI Radeon 3100,,,,,,,,,,,,,0x1002,0x9613,0x9613,,,,,,,,,,1,,,,,,,,1024,768,1,0,4,1,,,
ATI Radeon HD 3300,,,,,,,,,,,,,0x1002,0x9614,0x9614,,,,,,,,,,1,,,,,,,,1024,768,1,0,4,1,,,
AMD 760G,,,,,,,,,,,,,0x1002,0x9616,0x9616,,,,,,,,,,,,,,,,,,800,600,1,1,1,1,,,
AMD Llano,,,,,,,,,,,,,0x1002,0x9640,0x9640,,,,,,,,,,,,,,,,,,1600,1200,2,1,2,1,,,
ATI Radeon HD 4200,,,,,,,,,,,,,0x1002,0x9710,0x9710,,,,,,,,,,,,,,,,,,1280,1024,2,2,4,1,,,
ATI Mobility Radeon HD 4200,,,,,,,,,,,,,0x1002,0x9712,0x9712,,,,,,,,,,,,,,,,,,1280,1024,2,2,4,1,,,
ATI Mobility Radeon 4100,,,,,,,,,,,,,0x1002,0x9713,0x9713,,,,,,,,,,,,,,,,,,1280,1024,2,2,4,1,,,
ATI Radeon HD 4290,,,,,,,,,,,,,0x1002,0x9714,0x9714,,,,,,,,,,,,,,,,,,1280,1024,2,2,4,1,,,
ATI Radeon HD 4250,,,,,,,,,,,,,0x1002,0x9715,0x9715,,,,,,,,,,,,,,,,,,1280,1024,2,2,4,1,,,
NVidia Unknown,,,,,,,,,,,,,0x10de,0x0000,0xffff,12,6658,12,6658,1,,,,,,,1,,,0,,,1280,1024,2,0,0,1,,,
NVIDIA GeForce FX 5900,,,,,,,,,,,,,0x10de,0x0001,0x0001,12,6658,12,6658,,,,,,,,,,,,,1,640,480,0,0,0,1,,,
NVIDIA TNT,,,,,,,,,,,,,0x10de,0x0020,0x0020,12,6658,12,6658,,,,,,,,,,,,,1,640,480,0,0,0,1,,,
NVIDIA TNT2,,,,,,,,,,,,,0x10de,0x0028,0x0029,12,6658,12,6658,,,,,,,,,,,,,1,640,480,0,0,0,1,,,
NVIDIA GeForce2 MX,,,,,,,,,,,,,0x10de,0x002b,0x002b,12,6658,12,6658,,,,,,,,,,,,,1,640,480,0,0,0,1,,,
NVIDIA TNT,,,,,,,,,,,,,0x10de,0x002c,0x002c,12,6658,12,6658,,,,,,,,,,,,,1,640,480,0,0,0,1,,,
NVIDIA TNT2,,,,,,,,,,,,,0x10de,0x002d,0x002d,12,6658,12,6658,,,,,,,,,,,,,1,640,480,0,0,0,1,,,
NVIDIA TNT2,,,,,,,,,,,,,0x10de,0x002f,0x002f,12,6658,12,6658,,,,,,,,,,,,,1,640,480,0,0,0,1,,,
NVidia GeForce 6800,,,,,,,,,,,,,0x10de,0x0040,0x0048,12,6658,12,6658,,,,,,1,,1,,1,0,,1,640,480,0,0,0,1,,,
NVidia NV40G,,,,,,,,,,,,,0x10de,0x0049,0x0049,12,6658,12,6658,,,,,,1,,1,,,0,,,1024,768,0,0,0,1,,,
NVidia Quadro FX 4000,,,,,,,,,,,,,0x10de,0x004e,0x004e,12,6658,12,6658,,,,,92,,,,,,,,1,640,480,0,0,0,1,,,
NVIDIA GeForce 6800,,,,,,,,,,,,,0x10de,0x004f,0x004f,12,6658,12,6658,,,,,,1,,1,,1,0,,1,640,480,0,0,0,1,,,
NVIDIA GeForce 7800,,,,,,,,,,,,,0x10de,0x0090,0x0095,12,6658,12,6658,,,,,,1,,0,,1,0,,,1024,768,0,2,2,1,,,
NVIDIA GeForce Go 7800,,,,,,,,,,,,,0x10de,0x0098,0x0099,12,6658,12,6658,,1,,,,,,0,,,0,,,1024,768,0,0,0,1,,,
NVIDIA GeForce 7800,,,,,,,,,,,,,0x10de,0x009a,0x009a,12,6658,12,6658,,,,,,,,1,,1,0,,,1024,768,0,2,2,1,,,
NVIDIA Quadro FX 4500,,,,,,,,,,,,,0x10de,0x009d,0x009d,12,6658,12,6658,,,,,92,,,,,,,,1,640,480,0,0,0,1,,,
NVIDIA G70GL,,,,,,,,,,,,,0x10de,0x009e,0x009e,12,6658,12,6658,,,,,,,,0,,,0,,1,640,480,0,0,0,1,,,
NVIDIA TNT2,,,,,,,,,,,,,0x10de,0x00a0,0x00a0,12,6658,12,6658,,,,,,,,,,,,,1,640,480,0,0,0,1,,,
NVIDIA GeForce 6800,,,,,,,,,,,,,0x10de,0x00c0,0x00c3,12,6658,12,6658,,,,,,1,,1,,1,0,,1,640,480,0,0,0,1,,,
NVIDIA GeForce 9500,,,,,,,,,,,,,0x10de,0x00c5,0x00c5,12,6658,12,6658,,1,,,,,,,,,,,,1440,900,1,2,4,1,,,
NVIDIA GeForce 9800,,,,,,,,,,,,,0x10de,0x00c6,0x00c6,12,6658,12,6658,,,,,,,,,,,,,,1900,1200,2,4,4,1,,,
NVIDIA GeForce 6800,,,,,,,,,,,,,0x10de,0x00c8,0x00c8,12,6658,12,6658,,,,,,1,,,,1,0,,1,640,480,0,0,0,1,,,
NVIDIA GeForce Go 6800,,,,,,,,,,,,,0x10de,0x00c9,0x00c9,12,6658,12,6658,,1,,,,1,,1,,1,0,,1,640,480,0,0,0,1,,,
NVIDIA Quadro FX Go1400,,,,,,,,,,,,,0x10de,0x00cc,0x00cc,12,6658,12,6658,,,,,,,,,,,,,1,640,480,0,0,0,1,,,
NVIDIA Quadro FX 3450/4000 SDI,,,,,,,,,,,,,0x10de,0x00cd,0x00cd,12,6658,12,6658,,,,,,,,,,,,,1,640,480,0,0,0,1,,,
NVIDIA Quadro FX,,,,,,,,,,,,,0x10de,0x00ce,0x00ce,12,6658,12,6658,,,,,,,,,,,,,1,640,480,0,0,0,1,,,
NVIDIA GeForce 6600,,,,,,,,,,,,,0x10de,0x00f0,0x00f2,12,6658,12,6658,,,,,92,1,,1,,1,0,,1,640,480,0,0,0,1,,,
NVIDIA GeForce 6200,,,,,,,,,,,,,0x10de,0x00f3,0x00f3,12,6658,12,6658,,,,,92,,,,,1,0,,1,640,480,0,0,0,1,,,
NVIDIA GeForce 6600,,,,,,,,,,,,,0x10de,0x00f4,0x00f4,12,6658,12,6658,,,,,,1,,1,,1,0,,1,640,480,0,0,0,1,,,
NVIDIA GeForce 7800,,,,,,,,,,,,,0x10de,0x00f5,0x00f5,12,6658,12,6658,,,,,,,,0,,,0,,,1024,768,0,2,2,1,,,
NVIDIA GeForce 6800,,,,,,,,,,,,,0x10de,0x00f6,0x00f6,12,6658,12,6658,,,,,,1,,1,,1,0,,1,640,480,0,0,0,1,,,
NVIDIA GeForce 6600,,,,,,,,,,,,,0x10de,0x00f7,0x00f7,12,6658,12,6658,,,,,92,1,,1,,1,0,,1,640,480,0,0,0,1,,,
NVIDIA Quadro FX 3400,,,,,,,,,,,,,0x10de,0x00f8,0x00f8,12,6658,12,6658,,,,,92,,,,,,,,1,640,480,0,0,0,1,,,
NVidia GeForce 6800,,,,,,,,,,,,,0x10de,0x00f9,0x00f9,12,6658,12,6658,,,,,,1,,1,,1,0,,1,640,480,0,0,0,1,,,
NVIDIA GeForce FX 5750,,,,,,,,,,,,,0x10de,0x00fa,0x00fa,12,6658,12,6658,,,,,,,,,,,,,1,640,480,0,0,0,1,,,
NVIDIA GeForce FX 5900,,,,,,,,,,,,,0x10de,0x00fb,0x00fb,12,6658,12,6658,,,,,,,,,,,,,1,640,480,0,0,0,1,,,
NVidia Quadro FX 330,,,,,,,,,,,,,0x10de,0x00fc,0x00fd,12,6658,12,6658,,,,,,,,,,,,,1,640,480,0,0,0,1,,,
NVidia Quadro FX 1300,,,,,,,,,,,,,0x10de,0x00fe,0x00fe,12,6658,12,6658,,,,,,,,,,,,,1,640,480,0,0,0,1,,,
NVidia GeForce PCX 4300,,,,,,,,,,,,,0x10de,0x00ff,0x00ff,12,6658,12,6658,,,,,,,,1,,,0,,1,640,480,0,0,0,1,,,
NVIDIA GeForce,,,,,,,,,,,,,0x10de,0x0100,0x0101,12,6658,12,6658,,,,,,,,,,,,,1,640,480,0,0,0,1,,,
NVIDIA Quadro,,,,,,,,,,,,,0x10de,0x0103,0x0103,12,6658,12,6658,,,,,,,,,,,,,1,640,480,0,0,0,1,,,
NVIDIA GeForce2 MX,,,,,,,,,,,,,0x10de,0x0110,0x0111,12,6658,12,6658,,,,,,,,,,,,,1,640,480,0,0,0,1,,,
NVIDIA GeForce2 Go,,,,,,,,,,,,,0x10de,0x0112,0x0112,12,6658,12,6658,,,,,,,,,,,,,1,640,480,0,0,0,1,,,
NVIDIA Quadro2,,,,,,,,,,,,,0x10de,0x0113,0x0113,12,6658,12,6658,,,,,,,,,,,,,1,640,480,0,0,0,1,,,
NVidia GeForce 6600,,,,,,,,,,,,,0x10de,0x0140,0x0144,12,6658,12,6658,,,,,,,,1,,1,0,,1,640,480,0,0,0,1,,,
NVIDIA GeForce 6610 XL,,,,,,,,,,,,,0x10de,0x0145,0x0145,12,6658,12,6658,,,,,,,,,,,,,1,640,480,0,0,0,1,,,
NVIDIA GeForce 6600,,,,,,,,,,,,,0x10de,0x0146,0x0146,12,6658,12,6658,,,,,,1,,1,,1,0,,1,640,480,0,0,0,1,,,
NVIDIA GeForce 6700 XL,,,,,,,,,,,,,0x10de,0x0147,0x0147,12,6658,12,6658,,,,,,1,,1,,1,0,,1,640,480,0,0,0,1,,,
NVIDIA GeForce 6600,,,,,,,,,,,,,0x10de,0x0148,0x0148,12,6658,12,6658,,,,,,1,,1,,1,0,,1,640,480,0,0,0,1,,,
NVIDIA GeForce Go 6600,,,,,,,,,,,,,0x10de,0x0149,0x0149,12,6658,12,6658,,1,,,,1,,1,,1,0,,1,640,480,0,0,0,1,,,
NVIDIA Quadro NVS 440,,,,,,,,,,,,,0x10de,0x014a,0x014a,12,6658,12,6658,,,,,,,,,,,,,1,640,480,0,0,0,1,,,
NVIDIA GeForce 9500,,,,,,,,,,,,,0x10de,0x014b,0x014b,12,6658,12,6658,,1,,,,,,,,,,,1,640,480,0,0,0,1,,,
NVIDIA Quadro FX 550,,,,,,,,,,,,,0x10de,0x014d,0x014d,12,6658,12,6658,,,,,,,,,,,,,1,640,480,0,0,0,1,,,
NVIDIA Quadro FX 540,,,,,,,,,,,,,0x10de,0x014e,0x014e,12,6658,12,6658,,,,,,,,,,,,,1,640,480,0,0,0,1,,,
NVIDIA GeForce 6200,,,,,,,,,,,,,0x10de,0x014f,0x014f,12,6658,12,6658,,,,,,,,,,,,,1,640,480,0,0,0,1,,,
NVIDIA GeForce2,,,,,,,,,,,,,0x10de,0x0150,0x0152,12,6658,12,6658,,,,,,,,,,,,,1,640,480,0,0,0,1,,,
NVIDIA Quadro2 Pro,,,,,,,,,,,,,0x10de,0x0153,0x0153,12,6658,12,6658,,,,,,,,,,,,,1,640,480,0,0,0,1,,,
NVIDIA GeForce 6500,,,,,,,,,,,,,0x10de,0x0160,0x0160,12,6658,12,6658,,,,,,,,,,,,,1,640,480,0,0,0,1,,,
NVIDIA GeForce 6200,,,,,,,,,,,,,0x10de,0x0161,0x0163,12,6658,12,6658,,,,,,,,,,1,0,,1,640,480,0,0,0,1,,,
NVIDIA Quadro NVS 285,,,,,,,,,,,,,0x10de,0x0165,0x0165,12,6658,12,6658,,,,,,,,,,,,,1,640,480,0,0,0,1,,,
NVIDIA GeForce Go 6400,,,,,,,,,,,,,0x10de,0x0166,0x0166,12,6658,12,6658,,1,,,,,,,,,,,1,640,480,0,0,0,1,,,
NVIDIA GeForce Go 6200,,,,,,,,,,,,,0x10de,0x0167,0x0167,12,6658,12,6658,,1,,,,,,,,1,0,,1,640,480,0,0,0,1,,,
NVIDIA GeForce Go 6400,,,,,,,,,,,,,0x10de,0x0168,0x0168,12,6658,12,6658,,1,,,,,,,,1,0,,1,640,480,0,0,0,1,,,
NVIDIA GeForce 7100,,,,,,,,,,,,,0x10de,0x016a,0x016a,12,6658,12,6658,,,,,,,,,,,,,1,640,480,0,0,0,1,,,
NVIDIA GeForce 9500,,,,,,,,,,,,,0x10de,0x016e,0x016e,12,6658,12,6658,,1,,,,,,,,,,,,1440,900,1,2,4,1,,,
NVIDIA GeForce 9400,,,,,,,,,,,,,0x10de,0x016f,0x016f,12,6658,12,6658,,,,,,,,,,,,,,1024,768,0,2,4,1,,,
NVIDIA GeForce4 MX,,,,,,,,,,,,,0x10de,0x0170,0x0173,12,6658,12,6658,,,,,,,,,,,,,1,640,480,0,0,0,1,,,
NVIDIA GeForce4 440 Go,,,,,,,,,,,,,0x10de,0x0174,0x0174,12,6658,12,6658,,,,,,,,,,,,,1,640,480,0,0,0,1,,,
NVIDIA GeForce4 420 Go,,,,,,,,,,,,,0x10de,0x0175,0x0176,12,6658,12,6658,,,,,,,,,,,,,1,640,480,0,0,0,1,,,
NVIDIA GeForce4 460 Go,,,,,,,,,,,,,0x10de,0x0177,0x0177,12,6658,12,6658,,,,,,,,,,,,,1,640,480,0,0,0,1,,,
NVIDIA Quadro4 500/550 XGL,,,,,,,,,,,,,0x10de,0x0178,0x0178,12,6658,12,6658,,,,,,,,,,,,,1,640,480,0,0,0,1,,,
NVIDIA GeForce4 440 Go,,,,,,,,,,,,,0x10de,0x0179,0x0179,12,6658,12,6658,,,,,,,,,,,,,1,640,480,0,0,0,1,,,
NVidia Quadro NVS,,,,,,,,,,,,,0x10de,0x017a,0x017a,12,6658,12,6658,,,,,,,1,1,,,0,,1,640,480,0,0,0,1,,,
NVIDIA Quadro4 500 GoGL,,,,,,,,,,,,,0x10de,0x017c,0x017c,12,6658,12,6658,,,,,,,,,,,,,1,640,480,0,0,0,1,,,
NVIDIA GeForce4 MX,,,,,,,,,,,,,0x10de,0x0181,0x0183,12,6658,12,6658,,,,,,,,,,,,,1,640,480,0,0,0,1,,,
NVIDIA GeForce FX 5200,,,,,,,,,,,,,0x10de,0x0184,0x0184,12,6658,12,6658,,,,,,,,,,,,,1,640,480,0,0,0,1,,,
NVIDIA GeForce4 MX,,,,,,,,,,,,,0x10de,0x0185,0x0185,12,6658,12,6658,,,,,,,,,,,,,1,640,480,0,0,0,1,,,
NVIDIA GeForce4 448 Go,,,,,,,,,,,,,0x10de,0x0186,0x0186,12,6658,12,6658,,,,,,,,,,,,,1,640,480,0,0,0,1,,,
NVIDIA GeForce4 488 Go,,,,,,,,,,,,,0x10de,0x0187,0x0187,12,6658,12,6658,,,,,,,,,,,,,1,640,480,0,0,0,1,,,
NVIDIA Quadro4 580 XG,,,,,,,,,,,,,0x10de,0x0188,0x0188,12,6658,12,6658,,,,,,,,,,,,,1,640,480,0,0,0,1,,,
NVIDIA GeForce4 MX,,,,,,,,,,,,,0x10de,0x0189,0x0189,12,6658,12,6658,,,,,,,,,,,,,1,640,480,0,0,0,1,,,
NVIDIA Quadro NVS with AGP8X,,,,,,,,,,,,,0x10de,0x018a,0x018a,12,6658,12,6658,,,,,,,,,,,,,1,640,480,0,0,0,1,,,
NVIDIA Quadro4 380 XGL,,,,,,,,,,,,,0x10de,0x018b,0x018b,12,6658,12,6658,,,,,,,,,,,,,1,640,480,0,0,0,1,,,
NVIDIA Quadro NVS 50 PCI,,,,,,,,,,,,,0x10de,0x018c,0x018c,12,6658,12,6658,,,,,,,,,,,,,1,640,480,0,0,0,1,,,
NVIDIA GeForce4 Ti 4200,,,,,,,,,,,,,0x10de,0x018d,0x018d,12,6658,12,6658,,,,,,,,,,,,,1,640,480,0,0,0,1,,,
NVIDIA GeForce 8600,,,,,,,,,,,,,0x10de,0x018f,0x018f,12,6658,12,6658,,,,,,,,,,,,,,1024,768,2,2,4,1,,,
NVIDIA GeForce 8800,,,,,,,,,,,,,0x10de,0x0190,0x0194,12,6658,12,6658,,,,,,,,,,,,,,1600,900,2,2,4,1,,,
NVIDIA GeForce 8800,,,,,,,,,,,,,0x10de,0x0197,0x0197,12,6658,12,6658,,,,,,,,,,,,,,1600,900,2,2,4,1,,,
NVIDIA Quadro FX 5600,,,,,,,,,,,,,0x10de,0x019d,0x019d,12,6658,12,6658,,,,,,,,,,,,,1,640,480,0,0,0,1,,,
NVIDIA Quadro FX 4600,,,,,,,,,,,,,0x10de,0x019e,0x019e,12,6658,12,6658,,,,,,,,,,,,,1,640,480,0,0,0,1,,,
NVIDIA GeForce2 Integrated GPU,,,,,,,,,,,,,0x10de,0x01a0,0x01a0,12,6658,12,6658,,,,,,,,,,,,,1,640,480,0,0,0,1,,,
NVIDIA GeForce 7350,,,,,,,,,,,,,0x10de,0x01d0,0x01d0,12,6658,12,6658,,,,,,,,,,,,,1,640,480,0,0,0,1,,,
NVIDIA GeForce 7300,,,,,,,,,,,,,0x10de,0x01d1,0x01d1,12,6658,12,6658,,,,,,,,,,,,,1,640,480,0,0,0,1,,,
NVIDIA GeForce 7300,,,,,,,,,,,,,0x10de,0x01d3,0x01d3,12,6658,12,6658,,,,,,,,,,,,,1,640,480,0,0,0,1,,,
NVIDIA GeForce Go 7200,,,,,,,,,,,,,0x10de,0x01d6,0x01d6,12,6658,12,6658,,,,,,,,,,,,,1,640,480,0,0,0,1,,,
NVIDIA GeForce Go 7300,,,,,,,,,,,,,0x10de,0x01d7,0x01d7,12,6658,12,6658,,1,,,,,,,,,,,1,640,480,0,0,0,1,,,
NVIDIA GeForce Go 7400,,,,,,,,,,,,,0x10de,0x01d8,0x01d8,12,6658,12,6658,,1,,,,,,,,,,,1,640,480,0,0,0,1,,,
NVIDIA GeForce 7300,,,,,,,,,,,,,0x10de,0x01d9,0x01d9,12,6658,12,6658,,,,,,,,,,,,,1,640,480,0,0,0,1,,,
NVIDIA Quadro NVS 110M,,,,,,,,,,,,,0x10de,0x01da,0x01da,12,6658,12,6658,,,,,,,,,,,,,1,640,480,0,0,0,1,,,
NVIDIA Quadro FX 350M,,,,,,,,,,,,,0x10de,0x01dc,0x01dc,12,6658,12,6658,,,,,,,,,,,,,1,640,480,0,0,0,1,,,
NVIDIA GeForce 7500,,,,,,,,,,,,,0x10de,0x01dd,0x01dd,12,6658,12,6658,,,,,,,,,,,,,1,640,480,0,0,0,1,,,
NVIDIA Quadro FX 350,,,,,,,,,,,,,0x10de,0x01de,0x01de,12,6658,12,6658,,,,,,,,,,,,,1,640,480,0,0,0,1,,,
NVIDIA GeForce 7300,,,,,,,,,,,,,0x10de,0x01df,0x01df,12,6658,12,6658,,,,,,,,,,,,,1,640,480,0,0,0,1,,,
NVIDIA GeForce4 MX,,,,,,,,,,,,,0x10de,0x01f0,0x01f0,12,6658,12,6658,,,,,,,,,,,,,1,640,480,0,0,0,1,,,
NVIDIA GeForce3,,,,,,,,,,,,,0x10de,0x0200,0x0202,12,6658,12,6658,,,,,,,,,,,,,1,640,480,0,0,0,1,,,
NVIDIA Quadro DCC,,,,,,,,,,,,,0x10de,0x0203,0x0203,12,6658,12,6658,,,,,,,,,,,,,1,640,480,0,0,0,1,,,
NVIDIA GeForce 6800,,,,,,,,,,,,,0x10de,0x0211,0x0211,12,6658,12,6658,,,,,,1,,1,,1,0,,1,640,480,0,0,0,1,,,
NVIDIA GeForce 6800,,,,,,,,,,,,,0x10de,0x0215,0x0215,12,6658,12,6658,,,,,,1,,1,,1,0,,1,640,480,0,0,0,1,,,
NVIDIA GeForce 6800,,,,,,,,,,,,,0x10de,0x0218,0x0218,12,6658,12,6658,,,,,,1,,1,,1,0,,1,640,480,0,0,0,1,,,
NVIDIA GeForce 6200,,,,,,,,,,,,,0x10de,0x0220,0x0222,12,6658,12,6658,,,,,,,,,,1,0,,1,640,480,0,0,0,1,,,
NVIDIA GeForce 6200,,,,,,,,,,,,,0x10de,0x0229,0x0229,12,6658,12,6658,,,,,,,,,,,,,1,640,480,0,0,0,1,,,
NVIDIA GeForce 6150,,,,,,,,,,,,,0x10de,0x0240,0x0241,12,6658,12,6658,,,,,,,,,,1,0,,1,640,480,0,0,0,1,,,
NVIDIA GeForce 6100,,,,,,,,,,,,,0x10de,0x0242,0x0242,12,6658,12,6658,,,,,,,,,,1,0,,1,640,480,0,0,0,1,,,
NVIDIA GeForce Go 6150,,,,,,,,,,,,,0x10de,0x0244,0x0244,12,6658,12,6658,,1,,,,,,,,,,,1,640,480,0,0,0,1,,,
NVIDIA GeForce Go 6100,,,,,,,,,,,,,0x10de,0x0247,0x0247,12,6658,12,6658,,1,,,,,,,,,,,1,640,480,0,0,0,1,,,
NVIDIA GeForce4,,,,,,,,,,,,,0x10de,0x0250,0x0254,12,6658,12,6658,,,,,,,,,,,,,1,640,480,0,0,0,1,,,
NVIDIA GeForce4 Ti 4200,,,,,,,,,,,,,0x10de,0x0257,0x0257,12,6658,12,6658,,,,,,,,,,,,,1,640,480,0,0,0,1,,,
NVIDIA Quadro4 900 XGL,,,,,,,,,,,,,0x10de,0x0258,0x0258,12,6658,12,6658,,,,,,,,,,,,,1,640,480,0,0,0,1,,,
NVIDIA Quadro4 750 XGL,,,,,,,,,,,,,0x10de,0x0259,0x0259,12,6658,12,6658,,,,,,,,,,,,,1,640,480,0,0,0,1,,,
NVIDIA Quadro4 700 XGL,,,,,,,,,,,,,0x10de,0x025b,0x025b,12,6658,12,6658,,,,,,,,,,,,,1,640,480,0,0,0,1,,,
NVIDIA GeForce4,,,,,,,,,,,,,0x10de,0x0280,0x0283,12,6658,12,6658,,,,,,,,,,,,,1,640,480,0,0,0,1,,,
NVIDIA GeForce4,,,,,,,,,,,,,0x10de,0x0285,0x0285,12,6658,12,6658,,,,,,,,,,,,,1,640,480,0,0,0,1,,,
NVIDIA GeForce4 4200 Go,,,,,,,,,,,,,0x10de,0x0286,0x0286,12,6658,12,6658,,,,,,,,,,,,,1,640,480,0,0,0,1,,,
NVIDIA Quadro4 980 XGL,,,,,,,,,,,,,0x10de,0x0288,0x0288,12,6658,12,6658,,,,,,,,,,,,,1,640,480,0,0,0,1,,,
NVIDIA Quadro4 780 XGL,,,,,,,,,,,,,0x10de,0x0289,0x0289,12,6658,12,6658,,,,,,,,,,,,,1,640,480,0,0,0,1,,,
NVIDIA Quadro4 700 GoGL,,,,,,,,,,,,,0x10de,0x028c,0x028c,12,6658,12,6658,,,,,,,,,,,,,1,640,480,0,0,0,1,,,
NVIDIA GeForce 7900,,,,,,,,,,,,,0x10de,0x0290,0x0293,12,6658,12,6658,,,,,,1,,1,,1,0,,,1024,768,2,2,2,1,,,
NVIDIA GeForce 7950,,,,,,,,,,,,,0x10de,0x0294,0x0295,12,6658,12,6658,,,,,,,,,,,,,,1280,1024,2,2,2,1,,,
NVIDIA GeForce 7900 GTX,,,,,,,,,,,,,0x10de,0x0296,0x0296,12,6658,12,6658,,,,,,,,,,,,,,1280,1024,2,2,2,1,,,
NVIDIA GeForce Go 7950,,,,,,,,,,,,,0x10de,0x0297,0x0297,12,6658,12,6658,,1,,,,,,,,,,,,1280,1024,2,2,2,1,,,
NVIDIA GeForce Go 7900,,,,,,,,,,,,,0x10de,0x0298,0x0299,12,6658,12,6658,,1,,,,1,,1,,1,0,,,1024,768,2,0,2,1,,,
NVIDIA Quadro FX 2500M,,,,,,,,,,,,,0x10de,0x029a,0x029a,12,6658,12,6658,,,,,,,,,,,,,1,640,480,0,0,0,1,,,
NVIDIA Quadro FX 1500M,,,,,,,,,,,,,0x10de,0x029b,0x029b,12,6658,12,6658,,,,,,,,,,,,,1,640,480,0,0,0,1,,,
NVIDIA Quadro FX 5500,,,,,,,,,,,,,0x10de,0x029c,0x029c,12,6658,12,6658,,,,,,,,,,,,,1,640,480,0,0,0,1,,,
NVIDIA Quadro FX 3500,,,,,,,,,,,,,0x10de,0x029d,0x029d,12,6658,12,6658,,,,,,,,,,,,,1,640,480,0,0,0,1,,,
NVIDIA Quadro FX 1500,,,,,,,,,,,,,0x10de,0x029e,0x029e,12,6658,12,6658,,,,,,,,,,,,,1,640,480,0,0,0,1,,,
NVIDIA Quadro FX 4500 X2,,,,,,,,,,,,,0x10de,0x029f,0x029f,12,6658,12,6658,,,,,,,,,,,,,,1024,768,0,0,0,1,,,
NVIDIA GeForce 7600,,,,,,,,,,,,,0x10de,0x02e0,0x02e1,12,6658,12,6658,,,,,,,,,,,,,,1024,768,0,0,0,1,,,
NVIDIA GeForce 7300,,,,,,,,,,,,,0x10de,0x02e2,0x02e2,12,6658,12,6658,,,,,,,,,,,,,1,640,480,0,0,0,1,,,
NVIDIA GeForce 7900,,,,,,,,,,,,,0x10de,0x02e3,0x02e3,12,6658,12,6658,,,,,,,,,,,,,,1280,1024,2,2,2,1,,,
NVIDIA GeForce 7950,,,,,,,,,,,,,0x10de,0x02e4,0x02e4,12,6658,12,6658,,,,,,,,,,,,,,1280,1024,2,2,2,1,,,
NVIDIA GeForce 7600,,,,,,,,,,,,,0x10de,0x02e5,0x02e5,12,6658,12,6658,,,,,,,,,,,,,,1024,768,0,0,0,1,,,
NVIDIA GeForce FX 5800,,,,,,,,,,,,,0x10de,0x0301,0x0302,12,6658,12,6658,,,,,,,,,,,,,1,640,480,0,0,0,1,,,
NVidia Quadro FX 2000,,,,,,,,,,,,,0x10de,0x0308,0x0308,12,6658,12,6658,,,,,,,,,,,,,1,640,480,0,0,0,1,,,
NVidia Quadro FX 1000,,,,,,,,,,,,,0x10de,0x0309,0x0309,12,6658,12,6658,,,,,,,,,,,,,1,640,480,0,0,0,1,,,
NVIDIA GeForce FX 5600,,,,,,,,,,,,,0x10de,0x0311,0x0312,12,6658,12,6658,,,,,,,,,,,,,1,640,480,0,0,0,1,,,
NVIDIA NV31,,,,,,,,,,,,,0x10de,0x0313,0x0313,12,6658,12,6658,,,,,,,,,,,,,1,640,480,0,0,0,1,,,
NVIDIA GeForce FX 5600,,,,,,,,,,,,,0x10de,0x0314,0x0314,12,6658,12,6658,,,,,,,,,,,,,1,640,480,0,0,0,1,,,
NVIDIA GeForce FX Go 5600,,,,,,,,,,,,,0x10de,0x031a,0x031a,12,6658,12,6658,,,,,,,,,,,,,1,640,480,0,0,0,1,,,
NVIDIA GeForce FX Go 5650,,,,,,,,,,,,,0x10de,0x031b,0x031b,12,6658,12,6658,,,,,,,,,,,,,1,640,480,0,0,0,1,,,
NVidia Quadro FX Go 700,,,,,,,,,,,,,0x10de,0x031c,0x031c,12,6658,12,6658,,,,,,,,,,,,,1,640,480,0,0,0,1,,,
NVIDIA GeForce FX 5200,,,,,,,,,,,,,0x10de,0x0320,0x0323,12,6658,12,6658,,,,,,,,,,,,,1,640,480,0,0,0,1,,,
NVIDIA GeForce FX Go 5200,,,,,,,,,,,,,0x10de,0x0324,0x0324,12,6658,12,6658,,,,,,,,,,,,,1,640,480,0,0,0,1,,,
NVIDIA GeForce FX Go 5250,,,,,,,,,,,,,0x10de,0x0325,0x0325,12,6658,12,6658,,,,,,,,,,,,,1,640,480,0,0,0,1,,,
NVIDIA GeForce FX 5500,,,,,,,,,,,,,0x10de,0x0326,0x0326,12,6658,12,6658,,,,,,,,,,,,,1,640,480,0,0,0,1,,,
NVIDIA GeForce FX 5100,,,,,,,,,,,,,0x10de,0x0327,0x0327,12,6658,12,6658,,,,,,,,,,,,,1,640,480,0,0,0,1,,,
NVIDIA GeForce FX Go 5200,,,,,,,,,,,,,0x10de,0x0328,0x0328,12,6658,12,6658,,,,,,,,,,,,,1,640,480,0,0,0,1,,,
NVIDIA Quadro NVS 280 PCI,,,,,,,,,,,,,0x10de,0x032a,0x032a,12,6658,12,6658,,,,,,,,,,,,,1,640,480,0,0,0,1,,,
NVidia Quadro FX 500/FX 600,,,,,,,,,,,,,0x10de,0x032b,0x032b,12,6658,12,6658,,,,,,,,,,,,,1,640,480,0,0,0,1,,,
NVIDIA GeForce FX Go 5300/5350,,,,,,,,,,,,,0x10de,0x032c,0x032c,12,6658,12,6658,,,,,,,,,,,,,1,640,480,0,0,0,1,,,
NVIDIA GeForce FX Go 5100,,,,,,,,,,,,,0x10de,0x032d,0x032d,12,6658,12,6658,,,,,,,,,,,,,1,640,480,0,0,0,1,,,
NVIDIA GeForce FX 5500,,,,,,,,,,,,,0x10de,0x032e,0x032e,12,6658,12,6658,,,,,,,,,,,,,1,640,480,0,0,0,1,,,
NVIDIA GeForce FX 5900,,,,,,,,,,,,,0x10de,0x0330,0x0332,12,6658,12,6658,,,,,,,,,,,,,1,640,480,0,0,0,1,,,
NVIDIA GeForce FX 5950,,,,,,,,,,,,,0x10de,0x0333,0x0333,12,6658,12,6658,,,,,,,,,,,,,1,640,480,0,0,0,1,,,
NVIDIA GeForce FX 5900,,,,,,,,,,,,,0x10de,0x0334,0x0337,12,6658,12,6658,,,,,,,,,,,,,1,640,480,0,0,0,1,,,
NVidia Quadro FX 3000,,,,,,,,,,,,,0x10de,0x0338,0x0338,12,6658,12,6658,,,,,,,,,,,,,1,640,480,0,0,0,1,,,
NVIDIA GeForce FX 5900,,,,,,,,,,,,,0x10de,0x033a,0x033a,12,6658,12,6658,,,,,,,,,,,,,1,640,480,0,0,0,1,,,
NVidia Quadro FX 700,,,,,,,,,,,,,0x10de,0x033f,0x033f,12,6658,12,6658,,,,,,,,,,,,,1,640,480,0,0,0,1,,,
NVIDIA GeForce FX 5700,,,,,,,,,,,,,0x10de,0x0340,0x0344,12,6658,12,6658,,,,,,,,,,,,,1,640,480,0,0,0,1,,,
NVIDIA GeForce FX Go 5700,,,,,,,,,,,,,0x10de,0x0347,0x0349,12,6658,12,6658,,,,,,,,,,,,,1,640,480,0,0,0,1,,,
NVIDIA GeForce FX 5700,,,,,,,,,,,,,0x10de,0x034a,0x034b,12,6658,12,6658,,,,,,,,,,,,,1,640,480,0,0,0,1,,,
NVidia Quadro FX Go 1000,,,,,,,,,,,,,0x10de,0x034c,0x034c,12,6658,12,6658,,,,,,,,,,,,,1,640,480,0,0,0,1,,,
NVidia Quadro FX 1100,,,,,,,,,,,,,0x10de,0x034e,0x034e,12,6658,12,6658,,,,,,,,,,,,,1,640,480,0,0,0,1,,,
NVIDIA GeForce 7650,,,,,,,,,,,,,0x10de,0x0390,0x0390,12,6658,12,6658,,,,,,,,,,,,,,1024,768,0,0,0,1,,,
NVIDIA GeForce 7600,,,,,,,,,,,,,0x10de,0x0391,0x0392,12,6658,12,6658,,,,,,1,,1,,1,0,,,1024,768,0,0,0,1,,,
NVIDIA GeForce 7300,,,,,,,,,,,,,0x10de,0x0393,0x0393,12,6658,12,6658,,,,,,,,,,,,,1,640,480,0,0,0,1,,,
NVIDIA GeForce 7600,,,,,,,,,,,,,0x10de,0x0394,0x0394,12,6658,12,6658,,,,,,,,,,,,,,1024,768,0,0,0,1,,,
NVIDIA GeForce 7300,,,,,,,,,,,,,0x10de,0x0395,0x0395,12,6658,12,6658,,,,,,,,,,,,,1,640,480,0,0,0,1,,,
NVIDIA GeForce 8600,,,,,,,,,,,,,0x10de,0x0396,0x0396,12,6658,12,6658,,,,,,,,,,,,,,1440,900,1,2,4,1,,,
NVIDIA GeForce Go 7700,,,,,,,,,,,,,0x10de,0x0397,0x0397,12,6658,12,6658,,1,,,,,,,,,,,,1024,768,0,0,0,1,,,
NVIDIA GeForce Go 7600,,,,,,,,,,,,,0x10de,0x0398,0x0399,12,6658,12,6658,,1,,,,1,,1,,1,0,,,1024,768,0,0,0,1,,,
NVIDIA Quadro FX 3000,,,,,,,,,,,,,0x10de,0x039a,0x039a,12,6658,12,6658,,,,,,,,,,,,,,1024,768,0,0,0,1,,,
NVIDIA GeForce 7300,,,,,,,,,,,,,0x10de,0x039b,0x039b,12,6658,12,6658,,,,,,,,,,,,,1,640,480,0,0,0,1,,,
NVIDIA GeForce 9600,,,,,,,,,,,,,0x10de,0x039d,0x039d,12,6658,12,6658,,,,,,,,,,,,,,1440,900,2,2,4,1,,,
NVIDIA Quadro FX 560,,,,,,,,,,,,,0x10de,0x039e,0x039e,12,6658,12,6658,,,,,,,,,,,,,1,640,480,0,0,0,1,,,
NVIDIA GeForce 9600,,,,,,,,,,,,,0x10de,0x039f,0x039f,12,6658,12,6658,,,,,,,,,,,,,,1440,900,2,2,4,1,,,
NVIDIA GeForce 6100,,,,,,,,,,,,,0x10de,0x03d0,0x03d2,12,6658,12,6658,,,,,,,,,,,,,1,640,480,0,0,0,1,,,
NVIDIA GeForce 6100,,,,,,,,,,,,,0x10de,0x03d5,0x03d5,12,6658,12,6658,,,,,,,,,,,,,1,640,480,0,0,0,1,,,
NVIDIA GeForce 7025,,,,,,,,,,,,,0x10de,0x03d6,0x03d6,12,6658,12,6658,,,,,,,,,,,,,1,640,480,0,0,0,1,,,
NVIDIA GeForce 8600,,,,,,,,,,,,,0x10de,0x0400,0x0403,12,6658,12,6658,,,,,,,,,,,,,,1440,900,1,2,4,1,,,
NVIDIA GeForce 8400,,,,,,,,,,,,,0x10de,0x0404,0x0404,12,6658,12,6658,,,,,,,,,,,,,,800,600,0,0,0,1,,,
NVIDIA GeForce 9500M,,,,,,,,,,,,,0x10de,0x0405,0x0405,12,6658,12,6658,,1,,,,,,,,,,,,1440,900,0,2,4,1,,,
NVIDIA GeForce 8600M,,,,,,,,,,,,,0x10de,0x0407,0x0407,12,6658,12,6658,,1,,,,,,,,,,,,1024,768,1,2,4,1,,,
NVIDIA GeForce 8600,,,,,,,,,,,,,0x10de,0x0408,0x0408,12,6658,12,6658,,,,,,,,,,,,,,1440,900,1,2,4,1,,,
NVIDIA GeForce 8700M,,,,,,,,,,,,,0x10de,0x0409,0x0409,12,6658,12,6658,,1,,,,,,,,,,,,1024,768,1,2,4,1,,,
NVIDIA Quadro FX 370,,,,,,,,,,,,,0x10de,0x040a,0x040a,12,6658,12,6658,,,,,,,,,,,,,,1024,768,0,,,,,,
NVIDIA Quadro NVS 320M,,,,,,,,,,,,,0x10de,0x040b,0x040b,12,6658,12,6658,,,,,,,,,,,,,,1024,768,0,,,,,,
NVIDIA Quadro FX 570M,,,,,,,,,,,,,0x10de,0x040c,0x040c,12,6658,12,6658,,,,,,,,,,,,,,1024,768,0,,,,,,
NVIDIA Quadro FX 1600M,,,,,,,,,,,,,0x10de,0x040d,0x040d,12,6658,12,6658,,,,,,,,,,,,,1,640,480,0,0,0,1,,,
NVIDIA Quadro FX 570,,,,,,,,,,,,,0x10de,0x040e,0x040e,12,6658,12,6658,,,,,,,,,,,,,,1024,768,0,,,,,,
NVIDIA Quadro FX 1700,,,,,,,,,,,,,0x10de,0x040f,0x040f,12,6658,12,6658,,,,,,,,,,,,,,1024,768,0,,,,,,
NVIDIA GeForce GT 330,,,,,,,,,,,,,0x10de,0x0410,0x0410,12,6658,12,6658,,,,,,,,,,,,,,1280,1024,3,2,4,1,,,
NVIDIA GeForce 8400,,,,,,,,,,,,,0x10de,0x0420,0x0420,12,6658,12,6658,,,,,,,,,,,,,,800,600,0,0,0,1,,,
NVIDIA GeForce 8500,,,,,,,,,,,,,0x10de,0x0421,0x0421,12,6658,12,6658,,,,,,,,,,,,,,800,600,0,0,0,1,,,
NVIDIA GeForce 8400,,,,,,,,,,,,,0x10de,0x0422,0x0422,12,6658,12,6658,,,,,,,,,,,,,,800,600,0,0,0,1,,,
NVIDIA GeForce 8300,,,,,,,,,,,,,0x10de,0x0423,0x0423,12,6658,12,6658,,,,,,,,,,,,,1,640,480,0,0,0,1,,,
NVIDIA GeForce 8400,,,,,,,,,,,,,0x10de,0x0424,0x0424,12,6658,12,6658,,,,,,,,,,,,,,800,600,0,0,0,1,,,
NVIDIA GeForce 8600M,,,,,,,,,,,,,0x10de,0x0425,0x0425,12,6658,12,6658,,,,,,,,,,,,,,1024,768,0,0,0,1,,,
NVIDIA GeForce 8400M,,,,,,,,,,,,,0x10de,0x0426,0x0428,12,6658,12,6658,,1,,,,,,,,,,,,800,600,0,0,0,1,,,
NVIDIA Quadro NVS 140M,,,,,,,,,,,,,0x10de,0x0429,0x0429,12,6658,12,6658,,,,,,,,,,,,,,1024,768,0,0,0,1,,,
NVIDIA Quadro NVS 130M,,,,,,,,,,,,,0x10de,0x042a,0x042a,12,6658,12,6658,,,,,,,,,,,,,,1024,768,0,0,0,1,,,
NVIDIA Quadro NVS 135M,,,,,,,,,,,,,0x10de,0x042b,0x042b,12,6658,12,6658,,,,,,,,,,,,,,1024,768,0,0,0,1,,,
NVIDIA GeForce 9400,,,,,,,,,,,,,0x10de,0x042c,0x042c,12,6658,12,6658,,,,,,,,,,,,,,1440,900,0,4,4,1,,,
NVIDIA Quadro FX 360M,,,,,,,,,,,,,0x10de,0x042d,0x042d,12,6658,12,6658,,,,,,,,,,,,,,1280,1024,0,2,4,1,,,
NVIDIA GeForce 9300M,,,,,,,,,,,,,0x10de,0x042e,0x042e,12,6658,12,6658,,1,,,,,,,,,,,,1280,1024,0,2,4,1,,,
NVIDIA Quadro NVS 290,,,,,,,,,,,,,0x10de,0x042f,0x042f,12,6658,12,6658,,,,,,,,,,,,,,1024,768,0,0,0,1,,,
NVIDIA GeForce Go 7150M,,,,,,,,,,,,,0x10de,0x0531,0x0531,12,6658,12,6658,,,,,,,,,,,,,,1024,768,0,0,0,1,,,
NVIDIA GeForce 7000M,,,,,,,,,,,,,0x10de,0x0533,0x0533,12,6658,12,6658,,1,,,,,,,,,,,1,640,480,0,0,2,1,,,
NVIDIA GeForce 7050,,,,,,,,,,,,,0x10de,0x053a,0x053b,12,6658,12,6658,,,,,,,,,,,,,1,640,480,0,0,2,1,,,
NVIDIA GeForce 7025,,,,,,,,,,,,,0x10de,0x053e,0x053e,12,6658,12,6658,,,,,,,,,,,,,1,640,480,0,0,2,1,,,
NVIDIA GeForce GTX 295,,,,,,,,,,,,,0x10de,0x05e0,0x05e0,12,6658,12,6658,,,,,,,,,,,,,,1900,1200,3,4,4,1,,,
NVIDIA GeForce GTX 280,,,,,,,,,,,,,0x10de,0x05e1,0x05e1,12,6658,12,6658,,,,,,,,,,,,,,1900,1200,3,4,8,1,,,
NVIDIA GeForce GTX 260,,,,,,,,,,,,,0x10de,0x05e2,0x05e2,12,6658,12,6658,,,,,,,,,,,,,,1900,1200,3,4,8,1,,,
NVIDIA GeForce GTX 285,,,,,,,,,,,,,0x10de,0x05e3,0x05e3,12,6658,12,6658,,,,,,,,,,,,,,1900,1200,3,4,4,1,,,
NVIDIA GeForce GTX 275,,,,,,,,,,,,,0x10de,0x05e6,0x05e6,12,6658,12,6658,,,,,,,,,,,,,,1900,1200,3,4,4,1,,,
NVIDIA GeForce GTX 260,,,,,,,,,,,,,0x10de,0x05ea,0x05ea,12,6658,12,6658,,,,,,,,,,,,,,1900,1200,3,4,4,1,,,
NVIDIA GeForce GTX 295,,,,,,,,,,,,,0x10de,0x05eb,0x05eb,12,6658,12,6658,,,,,,,,,,,,,,1900,1200,3,4,4,1,,,
NVIDIA GeForce GTX 280,,,,,,,,,,,,,0x10de,0x05f1,0x05f1,12,6658,12,6658,,,,,,,,,,,,,,1900,1200,3,4,4,1,,,
NVIDIA GeForce GTX 260,,,,,,,,,,,,,0x10de,0x05f2,0x05f2,12,6658,12,6658,,,,,,,,,,,,,,1900,1200,3,4,4,1,,,
NVIDIA Quadro CX,,,,,,,,,,,,,0x10de,0x05f9,0x05f9,12,6658,12,6658,,,,,,,,,,,,,,1900,1200,2,4,4,1,,,
NVIDIA Quadro FX 5800,,,,,,,,,,,,,0x10de,0x05fd,0x05fd,12,6658,12,6658,,,,,,,,,,,,,,1900,1200,2,4,4,1,,,
NVIDIA Quadro FX 4800,,,,,,,,,,,,,0x10de,0x05fe,0x05fe,12,6658,12,6658,,,,,,,,,,,,,,1900,1200,2,4,4,1,,,
NVIDIA Quadro FX 3800,,,,,,,,,,,,,0x10de,0x05ff,0x05ff,12,6658,12,6658,,,,,,,,,,,,,,1900,1200,2,4,4,1,,,
NVIDIA GeForce 8800,,,,,,,,,,,,,0x10de,0x0600,0x0600,12,6658,12,6658,,,,,,,,,,,,,,1600,900,3,2,4,1,,,
NVIDIA GeForce 9800,,,,,,,,,,,,,0x10de,0x0601,0x0601,12,6658,12,6658,,,,,,,,,,,,,,1600,900,3,2,4,1,,,
NVIDIA GeForce 8800,,,,,,,,,,,,,0x10de,0x0602,0x0602,12,6658,12,6658,,,,,,,,,,,,,,1600,900,3,2,4,1,,,
NVIDIA GeForce GT 230,,,,,,,,,,,,,0x10de,0x0603,0x0603,12,6658,12,6658,,,,,,,,,,,,,,1900,1200,3,4,4,1,,,
NVIDIA GeForce 9800,,,,,,,,,,,,,0x10de,0x0604,0x0605,12,6658,12,6658,,,,,,,,,,,,,,1600,900,3,2,4,1,,,
NVIDIA GeForce 8800,,,,,,,,,,,,,0x10de,0x0606,0x0606,12,6658,12,6658,,,,,,,,,,,,,,1600,900,3,2,4,1,,,
NVIDIA GeForce GTS 240,,,,,,,,,,,,,0x10de,0x0607,0x0607,12,6658,12,6658,,,,,,,,,,,,,,1900,1200,3,4,4,1,,,
NVIDIA GeForce 9800M,,,,,,,,,,,,,0x10de,0x0608,0x0608,12,6658,12,6658,,1,,,,,,,,,,,,1440,900,3,2,4,1,,,
NVIDIA GeForce 8800M,,,,,,,,,,,,,0x10de,0x0609,0x0609,12,6658,12,6658,,1,,,,,,,,,,,,1440,900,3,2,4,1,,,
NVIDIA GeForce GTX 280M,,,,,,,,,,,,,0x10de,0x060a,0x060a,12,6658,12,6658,,,,,,,,,,,,,,1900,1200,3,4,4,1,,,
NVIDIA GeForce 9800M,,,,,,,,,,,,,0x10de,0x060b,0x060b,12,6658,12,6658,,1,,,,,,,,,,,,1440,900,3,2,4,1,,,
NVIDIA GeForce 8800M,,,,,,,,,,,,,0x10de,0x060c,0x060c,12,6658,12,6658,,1,,,,,,,,,,,,1440,900,3,2,4,1,,,
NVIDIA GeForce GTX 285M,,,,,,,,,,,,,0x10de,0x060f,0x060f,12,6658,12,6658,,,,,,,,,,,,,,1900,1200,3,4,4,1,,,
NVIDIA GeForce 9600,,,,,,,,,,,,,0x10de,0x0610,0x0610,12,6658,12,6658,,,,,,,,,,,,,,1440,900,2,2,4,1,,,
NVIDIA GeForce 8800,,,,,,,,,,,,,0x10de,0x0611,0x0611,12,6658,12,6658,,,,,,,,,,,,,,1600,900,3,2,4,1,,,
NVIDIA GeForce 9800,,,,,,,,,,,,,0x10de,0x0612,0x0614,12,6658,12,6658,,,,,,,,,,,,,,1440,900,3,2,4,1,,,
NVIDIA GeForce GTS 150,,,,,,,,,,,,,0x10de,0x0615,0x0615,12,6658,12,6658,,,,,,,,,,,,,,1900,1200,1,4,4,1,,,
NVIDIA GeForce 8800,,,,,,,,,,,,,0x10de,0x0616,0x0616,12,6658,12,6658,,,,,,,,,,,,,,1600,900,2,2,4,1,,,
NVIDIA GeForce 9800M,,,,,,,,,,,,,0x10de,0x0617,0x0617,12,6658,12,6658,,1,,,,,,,,,,,,1440,900,3,2,4,1,,,
NVIDIA GeForce GTX 260M,,,,,,,,,,,,,0x10de,0x0618,0x0618,12,6658,12,6658,,,,,,,,,,,,,,1900,1200,2,4,4,1,,,
NVIDIA Quadro FX 4700 X2,,,,,,,,,,,,,0x10de,0x0619,0x0619,12,6658,12,6658,,,,,,,,,,,,,,1280,1024,1,2,4,1,,,
NVIDIA Quadro FX 3700,,,,,,,,,,,,,0x10de,0x061a,0x061a,12,6658,12,6658,,,,,,,,,,,,,,1280,1024,1,2,4,1,,,
NVIDIA Quadro VX 200,,,,,,,,,,,,,0x10de,0x061b,0x061b,12,6658,12,6658,,,,,,,,,,,,,,1280,1024,1,2,4,1,,,
NVIDIA Quadro FX 3600M,,,,,,,,,,,,,0x10de,0x061c,0x061c,12,6658,12,6658,,,,,,,,,,,,,,1280,1024,1,2,4,1,,,
NVIDIA Quadro FX 2800M,,,,,,,,,,,,,0x10de,0x061d,0x061d,12,6658,12,6658,,,,,,,,,,,,,,1280,1024,1,2,4,1,,,
NVIDIA Quadro FX 3700M,,,,,,,,,,,,,0x10de,0x061e,0x061e,12,6658,12,6658,,,,,,,,,,,,,,1280,1024,1,2,4,1,,,
NVIDIA Quadro FX 3800M,,,,,,,,,,,,,0x10de,0x061f,0x061f,12,6658,12,6658,,,,,,,,,,,,,,1280,1024,1,2,4,1,,,
NVIDIA GeForce GT 230,,,,,,,,,,,,,0x10de,0x0621,0x0621,12,6658,12,6658,,,,,,,,,,,,,,1440,900,2,2,4,1,,,
NVIDIA GeForce 9600,,,,,,,,,,,,,0x10de,0x0622,0x0623,12,6658,12,6658,,,,,,,,,,,,,,1440,900,2,2,4,1,,,
NVIDIA GeForce 9800,,,,,,,,,,,,,0x10de,0x0624,0x0624,12,6658,12,6658,,,,,,,,,,,,,,1440,900,3,2,4,1,,,
NVIDIA GeForce 9600,,,,,,,,,,,,,0x10de,0x0625,0x0625,12,6658,12,6658,,,,,,,,,,,,,,1440,900,2,2,4,1,,,
NVIDIA GeForce GT 130,,,,,,,,,,,,,0x10de,0x0626,0x0626,12,6658,12,6658,,,,,,,,,,,,,,1440,900,2,2,4,1,,,
NVIDIA GeForce GT 140,,,,,,,,,,,,,0x10de,0x0627,0x0627,12,6658,12,6658,,,,,,,,,,,,,,1440,900,2,2,4,1,,,
NVIDIA GeForce 9800M,,,,,,,,,,,,,0x10de,0x0628,0x0628,12,6658,12,6658,,1,,,,,,,,,,,,1440,900,2,2,4,1,,,
NVIDIA GeForce 9700M,,,,,,,,,,,,,0x10de,0x062a,0x062a,12,6658,12,6658,,1,,,,,,,,,,,,1440,900,1,2,4,1,,,
NVIDIA GeForce 9800M,,,,,,,,,,,,,0x10de,0x062b,0x062c,12,6658,12,6658,,1,,,,,,,,,,,,1440,900,2,2,4,1,,,
NVIDIA GeForce GT 130,,,,,,,,,,,,,0x10de,0x062e,0x062e,12,6658,12,6658,,,,,,,,,,,,,,1440,900,1,2,4,1,,,
NVIDIA GeForce 9800,,,,,,,,,,,,,0x10de,0x062f,0x062f,12,6658,12,6658,,,,,,,,,,,,,,1440,900,2,2,4,1,,,
NVIDIA GeForce GTS 160M,,,,,,,,,,,,,0x10de,0x0631,0x0631,12,6658,12,6658,,,,,,,,,,,,,,1440,900,2,2,4,1,,,
NVIDIA GeForce GT 220,,,,,,,,,,,,,0x10de,0x0633,0x0633,12,6658,12,6658,,,,,,,,,,,,,,1440,900,3,2,4,1,,,
NVIDIA GeForce 9600,,,,,,,,,,,,,0x10de,0x0635,0x0635,12,6658,12,6658,,,,,,,,,,,,,,1440,900,2,2,4,1,,,
NVIDIA GeForce 9600,,,,,,,,,,,,,0x10de,0x0637,0x0637,12,6658,12,6658,,,,,,,,,,,,,,1440,900,2,2,4,1,,,
NVIDIA Quadro FX 1800,,,,,,,,,,,,,0x10de,0x0638,0x0638,12,6658,12,6658,,,,,,,,,,,,,,1440,900,2,2,4,1,,,
NVIDIA Quadro FX 2700M,,,,,,,,,,,,,0x10de,0x063a,0x063a,12,6658,12,6658,,,,,,,,,,,,,,1440,900,2,2,4,1,,,
NVIDIA G94,,,,,,,,,,,,,0x10de,0x063f,0x063f,12,6658,12,6658,,,,,,,,,,,,,,1440,900,3,2,4,1,,,
NVIDIA GeForce 9500,,,,,,,,,,,,,0x10de,0x0640,0x0640,12,6658,12,6658,,,,,,,,,,,,,,1440,900,0,2,4,1,,,
NVIDIA GeForce 9400,,,,,,,,,,,,,0x10de,0x0641,0x0641,12,6658,12,6658,,,,,,,,,,,,,,1440,900,0,2,4,1,,,
NVIDIA GeForce 9500,,,,,,,,,,,,,0x10de,0x0643,0x0645,12,6658,12,6658,,,,,,,,,,,,,,1440,900,1,2,4,1,,,
NVIDIA GeForce GT 120,,,,,,,,,,,,,0x10de,0x0646,0x0646,12,6658,12,6658,,,,,,,,,,,,,,1440,900,1,2,4,1,,,
NVIDIA GeForce 9600M,,,,,,,,,,,,,0x10de,0x0647,0x0649,12,6658,12,6658,,1,,,,,,,,,,,,1440,900,1,2,4,1,,,
NVIDIA GeForce 9700M,,,,,,,,,,,,,0x10de,0x064a,0x064a,12,6658,12,6658,,1,,,,,,,,,,,,1440,900,2,2,4,1,,,
NVIDIA GeForce 9500M,,,,,,,,,,,,,0x10de,0x064b,0x064b,12,6658,12,6658,,1,,,,,,,,,,,,1440,900,0,2,4,1,,,
NVIDIA GeForce 9650M,,,,,,,,,,,,,0x10de,0x064c,0x064c,12,6658,12,6658,,1,,,,,,,,,,,,1440,900,1,2,4,1,,,
NVIDIA GeForce 9800,,,,,,,,,,,,,0x10de,0x064e,0x064e,12,6658,12,6658,,,,,,,,,,,,,,1440,900,1,2,4,1,,,
NVIDIA GeForce G 110M,,,,,,,,,,,,,0x10de,0x0651,0x0651,12,6658,12,6658,,,,,,,,,,,,,,1440,900,1,2,4,1,,,
NVIDIA GeForce GT 130M,,,,,,,,,,,,,0x10de,0x0652,0x0652,12,6658,12,6658,,,,,,,,,,,,,,1440,900,1,2,4,1,,,
NVIDIA GeForce GT 120M,,,,,,,,,,,,,0x10de,0x0653,0x0653,12,6658,12,6658,,,,,,,,,,,,,,1440,900,1,2,4,1,,,
NVIDIA GeForce GT 220M,,,,,,,,,,,,,0x10de,0x0654,0x0654,12,6658,12,6658,,,,,,,,,,,,,,1440,900,2,2,4,1,,,
NVIDIA GeForce GT 120,,,,,,,,,,,,,0x10de,0x0655,0x0655,12,6658,12,6658,,,,,,,,,,,,,,1440,900,2,2,4,1,,,
NVIDIA Quadro FX 380,,,,,,,,,,,,,0x10de,0x0658,0x0658,12,6658,12,6658,,,,,,,,,,,,,,1440,900,2,2,4,1,,,
NVIDIA Quadro FX 580,,,,,,,,,,,,,0x10de,0x0659,0x0659,12,6658,12,6658,,,,,,,,,,,,,,1440,900,2,2,4,1,,,
NVIDIA Quadro FX 1700M,,,,,,,,,,,,,0x10de,0x065a,0x065a,12,6658,12,6658,,,,,,,,,,,,,,1440,900,2,2,4,1,,,
NVIDIA GeForce 9400,,,,,,,,,,,,,0x10de,0x065b,0x065b,12,6658,12,6658,,,,,,,,,,,,,,1440,900,0,2,4,1,,,
NVIDIA Quadro FX 770M,,,,,,,,,,,,,0x10de,0x065c,0x065c,12,6658,12,6658,,,,,,,,,,,,,,1440,900,2,2,4,1,,,
NVIDIA GeForce 9800,,,,,,,,,,,,,0x10de,0x065d,0x065d,12,6658,12,6658,,,,,,,,,,,,,,1440,900,3,2,4,1,,,
NVIDIA GeForce 9600,,,,,,,,,,,,,0x10de,0x065f,0x065f,12,6658,12,6658,,,,,,,,,,,,,,1440,900,2,2,4,1,,,
NVIDIA GeForce GTX 480,,,,,,,,,,,,,0x10de,0x06c0,0x06c0,12,6658,12,6658,,,,,,,,,,,,,,2560,1600,3,4,4,1,,,
NVIDIA GeForce GTX 465,,,,,,,,,,,,,0x10de,0x06c4,0x06c4,12,6658,12,6658,,,,,,,,,,,,,,1900,1200,3,4,4,1,,,
NVIDIA GeForce GTX 480M,,,,,,,,,,,,,0x10de,0x06ca,0x06ca,12,6658,12,6658,,,,,,,,,,,,,,1900,1200,3,4,4,1,,,
NVIDIA GeForce GTX 470,,,,,,,,,,,,,0x10de,0x06cd,0x06cd,12,6658,12,6658,,,,,,,,,,,,,,2560,1600,3,4,4,1,,,
NVIDIA Tesla C2050,,,,,,,,,,,,,0x10de,0x06d1,0x06d1,12,6658,12,6658,,,,,,,,,,,,,,2560,1600,3,4,4,1,,,
NVIDIA Quadro 4000,,,,,,,,,,,,,0x10de,0x06dd,0x06dd,12,6658,12,6658,,,,,,,,,,,,,,1280,1024,0,2,4,1,,,
NVIDIA GeForce 9400,,,,,,,,,,,,,0x10de,0x06e0,0x06e0,12,6658,12,6658,,,,,,,,,,,,,,1280,1024,0,2,4,1,,,
NVIDIA GeForce 9300 GS,,,,,,,,,,,,,0x10de,0x06e1,0x06e1,12,6658,12,6658,,,,,,,,,,,,,,1280,1024,0,2,4,1,,,
NVIDIA GeForce 8400,,,,,,,,,,,,,0x10de,0x06e2,0x06e4,12,6658,12,6658,,,,,,,,,,,,,,800,600,0,0,0,1,,,
NVIDIA GeForce 9300M GS,,,,,,,,,,,,,0x10de,0x06e5,0x06e5,12,6658,12,6658,,1,,,,,,,,,,,,1280,1024,0,2,4,1,,,
NVIDIA GeForce G100,,,,,,,,,,,,,0x10de,0x06e6,0x06e6,12,6658,12,6658,,,,,,,,,,,,,,1280,1024,2,2,4,1,,,
NVIDIA GeForce 9300,,,,,,,,,,,,,0x10de,0x06e7,0x06e7,12,6658,12,6658,,,,,,,,,,,,,,1280,1024,0,2,4,1,,,
NVIDIA GeForce 9200M,,,,,,,,,,,,,0x10de,0x06e8,0x06e8,12,6658,12,6658,,1,,,,,,,,,,,,1280,1024,0,2,4,1,,,
NVIDIA GeForce 9300M,,,,,,,,,,,,,0x10de,0x06e9,0x06e9,12,6658,12,6658,,1,,,,,,,,,,,,1280,1024,0,2,4,1,,,
NVIDIA Quadro NVS 150M,,,,,,,,,,,,,0x10de,0x06ea,0x06ea,12,6658,12,6658,,,,,,,,,,,,,,800,600,0,0,0,1,,,
NVIDIA Quadro NVS 160M,,,,,,,,,,,,,0x10de,0x06eb,0x06eb,12,6658,12,6658,,,,,,,,,,,,,,800,600,0,0,0,1,,,
NVIDIA GeForce G 105M,,,,,,,,,,,,,0x10de,0x06ec,0x06ec,12,6658,12,6658,,,,,,,,,,,,,,800,600,0,0,0,1,,,
NVIDIA GeForce 9500,,,,,,,,,,,,,0x10de,0x06ed,0x06ed,12,6658,12,6658,,,,,,,,,,,,,,1280,1024,0,2,4,1,,,
NVIDIA GeForce 9600,,,,,,,,,,,,,0x10de,0x06ee,0x06ee,12,6658,12,6658,,,,,,,,,,,,,,1280,1024,2,2,4,1,,,
NVIDIA GeForce G103M,,,,,,,,,,,,,0x10de,0x06ef,0x06ef,12,6658,12,6658,,,,,,,,,,,,,,1280,1024,2,2,4,1,,,
NVIDIA GeForce G105M,,,,,,,,,,,,,0x10de,0x06f1,0x06f1,12,6658,12,6658,,,,,,,,,,,,,,1280,1024,2,2,4,1,,,
NVIDIA Quadro NVS 420,,,,,,,,,,,,,0x10de,0x06f8,0x06f8,12,6658,12,6658,,,,,,,,,,,,,,1280,1024,2,2,4,1,,,
NVIDIA Quadro FX 370,,,,,,,,,,,,,0x10de,0x06f9,0x06f9,12,6658,12,6658,,,,,,,,,,,,,,1280,1024,2,2,4,1,,,
NVIDIA Quadro NVS 450,,,,,,,,,,,,,0x10de,0x06fa,0x06fa,12,6658,12,6658,,,,,,,,,,,,,,1280,1024,2,2,4,1,,,
NVIDIA Quadro FX 370M,,,,,,,,,,,,,0x10de,0x06fb,0x06fb,12,6658,12,6658,,,,,,,,,,,,,,800,600,0,0,0,1,,,
NVIDIA Quadro NVS 295,,,,,,,,,,,,,0x10de,0x06fd,0x06fd,12,6658,12,6658,,,,,,,,,,,,,,1280,1024,2,2,4,1,,,
NVIDIA GeForce 7150,,,,,,,,,,,,,0x10de,0x07e0,0x07e0,12,6658,12,6658,,,,,,,,,,,,,1,800,600,0,0,0,1,,,
NVIDIA GeForce 7100,,,,,,,,,,,,,0x10de,0x07e1,0x07e1,12,6658,12,6658,,,,,,,,,,,,,1,800,600,0,0,0,1,,,
NVIDIA GeForce 7050,,,,,,,,,,,,,0x10de,0x07e2,0x07e3,12,6658,12,6658,,,,,,,,,,,,,1,800,600,0,0,0,1,,,
NVIDIA GeForce 7100,,,,,,,,,,,,,0x10de,0x07e5,0x07e5,12,6658,12,6658,,,,,,,,,,,,,1,800,600,0,0,0,1,,,
NVIDIA GeForce 9100M,,,,,,,,,,,,,0x10de,0x0844,0x0844,12,6658,12,6658,,1,,,,,,,,,,,,1024,768,0,2,4,1,,,
NVIDIA GeForce 8200M,,,,,,,,,,,,,0x10de,0x0845,0x0845,12,6658,12,6658,,1,,,,,,,,,,,,800,600,0,0,0,1,,,
NVIDIA GeForce 9100,,,,,,,,,,,,,0x10de,0x0847,0x0847,12,6658,12,6658,,,,,,,,,,,,,,800,600,0,0,0,1,,,
NVIDIA GeForce 8300,,,,,,,,,,,,,0x10de,0x0848,0x0848,12,6658,12,6658,,,,,,,,,,,,,1,800,600,0,0,0,1,,,
NVIDIA GeForce 8200,,,,,,,,,,,,,0x10de,0x0849,0x0849,12,6658,12,6658,,,,,,,,,,,,,1,800,600,0,0,0,1,,,
NVIDIA nForce 730a,,,,,,,,,,,,,0x10de,0x084a,0x084a,12,6658,12,6658,,,,,,,,,,,,,,800,600,0,0,0,1,,,
NVIDIA GeForce 8200,,,,,,,,,,,,,0x10de,0x084b,0x084b,12,6658,12,6658,,,,,,,,,,,,,1,800,600,0,0,0,1,,,
NVIDIA nForce 780a SLI,,,,,,,,,,,,,0x10de,0x084c,0x084c,12,6658,12,6658,,,,,,,,,,,,,,800,600,0,0,0,1,,,
NVIDIA nForce 750a SLI,,,,,,,,,,,,,0x10de,0x084d,0x084d,12,6658,12,6658,,,,,,,,,,,,,,800,600,0,0,0,1,,,
NVIDIA GeForce 8100,,,,,,,,,,,,,0x10de,0x084f,0x084f,12,6658,12,6658,,,,,,,,,,,,,1,800,600,0,0,0,1,,,
NVIDIA GeForce 9300,,,,,,,,,,,,,0x10de,0x0860,0x0860,12,6658,12,6658,,,,,,,,,,,,,,800,600,0,0,0,1,,,
NVIDIA GeForce 9400,,,,,,,,,,,,,0x10de,0x0861,0x0861,12,6658,12,6658,,,,,,,,,,,,,,800,600,0,0,0,1,,,
NVIDIA GeForce 9400M,,,,,,,,,,,,,0x10de,0x0862,0x0863,12,6658,12,6658,,1,,,,,,,,,,,,800,600,0,0,0,1,,,
NVIDIA GeForce 9300,,,,,,,,,,,,,0x10de,0x0864,0x0865,12,6658,12,6658,,,,,,,,,,,,,,800,600,0,0,0,1,,,
NVIDIA GeForce 9400M,,,,,,,,,,,,,0x10de,0x0866,0x0866,12,6658,12,6658,,,,,,,,,,,,,,800,600,0,0,0,1,,,
NVIDIA GeForce 9400,,,,,,,,,,,,,0x10de,0x0867,0x0867,12,6658,12,6658,,,,,,,,,,,,,,800,600,0,0,0,1,,,
NVIDIA nForce 760i SLI,,,,,,,,,,,,,0x10de,0x0868,0x0868,12,6658,12,6658,,,,,,,,,,,,,,800,600,0,0,0,1,,,
NVIDIA GeForce 9400,,,,,,,,,,,,,0x10de,0x0869,0x086a,12,6658,12,6658,,,,,,,,,,,,,,800,600,0,0,0,1,,,
NVIDIA GeForce 9300,,,,,,,,,,,,,0x10de,0x086c,0x086c,12,6658,12,6658,,,,,,,,,,,,,,800,600,0,0,0,1,,,
NVIDIA GeForce 9200,,,,,,,,,,,,,0x10de,0x086d,0x086d,12,6658,12,6658,,,,,,,,,,,,,,800,600,0,0,0,1,,,
NVIDIA GeForce 9100M,,,,,,,,,,,,,0x10de,0x086e,0x086e,12,6658,12,6658,,,,,,,,,,,,,,800,600,0,0,0,1,,,
NVIDIA GeForce 8200M,,,,,,,,,,,,,0x10de,0x086f,0x086f,12,6658,12,6658,,1,,,,,,,,,,,1,800,600,0,0,0,1,,,
NVIDIA GeForce 9400M,,,,,,,,,,,,,0x10de,0x0870,0x0870,12,6658,12,6658,,,,,,,,,,,,,,800,600,0,0,0,1,,,
NVIDIA GeForce 9200,,,,,,,,,,,,,0x10de,0x0871,0x0871,12,6658,12,6658,,,,,,,,,,,,,,800,600,0,0,0,1,,,
NVIDIA GeForce G102M,,,,,,,,,,,,,0x10de,0x0873,0x0873,12,6658,12,6658,,,,,,,,,,,,,,1280,1024,2,2,4,1,,,
NVIDIA ION,,,,,,,,,,,,,0x10de,0x0874,0x0874,12,6658,12,6658,,,,,,,,,,,,,1,800,600,0,0,0,1,,,
NVIDIA ION,,,,,,,,,,,,,0x10de,0x0876,0x0876,12,6658,12,6658,,,,,,,,,,,,,1,800,600,0,0,0,1,,,
NVIDIA Quadro FX 470,,,,,,,,,,,,,0x10de,0x087a,0x087a,12,6658,12,6658,,,,,,,,,,,,,,1280,1024,3,2,4,1,,,
NVIDIA ION,,,,,,,,,,,,,0x10de,0x087d,0x087f,12,6658,12,6658,,,,,,,,,,,,,1,800,600,0,0,0,1,,,
NVIDIA GeForce 320M,,,,,,,,,,,,,0x10de,0x08a0,0x08a0,12,6658,12,6658,,,,,,,,,,,,,,1280,1024,3,2,4,1,,,
NVIDIA GeForce GT 220,,,,,,,,,,,,,0x10de,0x0a20,0x0a20,12,6658,12,6658,,,,,,,,,,,,,,1900,1200,3,4,4,1,,,
NVIDIA GeForce GT 330M,,,,,,,,,,,,,0x10de,0x0a21,0x0a21,12,6658,12,6658,,,,,,,,,,,,,,1280,1024,2,4,4,1,,,
NVIDIA GeForce 315,,,,,,,,,,,,,0x10de,0x0a22,0x0a22,12,6658,12,6658,,,,,,,,,,,,,,1900,1200,3,4,4,1,,,
NVIDIA GeForce 210,,,,,,,,,,,,,0x10de,0x0a23,0x0a23,12,6658,12,6658,,,,,,,,,,,,,,1900,1200,3,4,4,1,,,
NVIDIA GeForce GT 230M,,,,,,,,,,,,,0x10de,0x0a28,0x0a28,12,6658,12,6658,,,,,,,,,,,,,,1900,1200,3,4,4,1,,,
NVIDIA GeForce GT 330M,,,,,,,,,,,,,0x10de,0x0a29,0x0a29,12,6658,12,6658,,,,,,,,,,,,,,1900,1200,3,4,4,1,,,
NVIDIA GeForce GT 230M,,,,,,,,,,,,,0x10de,0x0a2a,0x0a2a,12,6658,12,6658,,,,,,,,,,,,,,1900,1200,3,4,4,1,,,
NVIDIA GeForce GT 330M,,,,,,,,,,,,,0x10de,0x0a2b,0x0a2b,12,6658,12,6658,,,,,,,,,,,,,,1900,1200,3,4,4,1,,,
NVIDIA NVS 5100M,,,,,,,,,,,,,0x10de,0x0a2c,0x0a2c,12,6658,12,6658,,,,,,,,,,,,,,800,600,1,0,0,1,,,
NVIDIA GeForce GT 320M,,,,,,,,,,,,,0x10de,0x0a2d,0x0a2d,12,6658,12,6658,,,,,,,,,,,,,,1900,1200,3,4,4,1,,,
NVIDIA GeForce GT 240M,,,,,,,,,,,,,0x10de,0x0a34,0x0a34,12,6658,12,6658,,,,,,,,,,,,,,1900,1200,3,4,4,1,,,
NVIDIA GeForce GT 325M,,,,,,,,,,,,,0x10de,0x0a35,0x0a35,12,6658,12,6658,,,,,,,,,,,,,,1900,1200,3,4,4,1,,,
NVIDIA Quadro FX 880M,,,,,,,,,,,,,0x10de,0x0a3c,0x0a3c,12,6658,12,6658,,,,,,,,,,,,,,1280,1024,0,2,4,1,,,
NVIDIA GeForce G210,,,,,,,,,,,,,0x10de,0x0a60,0x0a60,12,6658,12,6658,,,,,,,,,,,,,,1900,1200,3,4,4,1,,,
NVIDIA GeForce 205,,,,,,,,,,,,,0x10de,0x0a62,0x0a62,12,6658,12,6658,,,,,,,,,,,,,,1900,1200,3,4,4,1,,,
NVIDIA GeForce 310,,,,,,,,,,,,,0x10de,0x0a63,0x0a63,12,6658,12,6658,,,,,,,,,,,,,,1900,1200,3,4,4,1,,,
NVIDIA ION,,,,,,,,,,,,,0x10de,0x0a64,0x0a64,12,6658,12,6658,,,,,,,,,,,,,1,800,600,0,0,0,1,,,
NVIDIA GeForce 210,,,,,,,,,,,,,0x10de,0x0a65,0x0a65,12,6658,12,6658,,,,,,,,,,,,,,1900,1200,3,4,4,1,,,
NVIDIA GeForce 310,,,,,,,,,,,,,0x10de,0x0a66,0x0a66,12,6658,12,6658,,,,,,,,,,,,,,1900,1200,3,4,4,1,,,
NVIDIA GeForce 315,,,,,,,,,,,,,0x10de,0x0a67,0x0a67,12,6658,12,6658,,,,,,,,,,,,,,1900,1200,3,4,4,1,,,
NVIDIA GeForce G105M,,,,,,,,,,,,,0x10de,0x0a68,0x0a69,12,6658,12,6658,,,,,,,,,,,,,,1280,1024,3,2,4,1,,,
NVIDIA NVS 2100M,,,,,,,,,,,,,0x10de,0x0a6a,0x0a6a,12,6658,12,6658,,,,,,,,,,,,,,1280,1024,3,2,4,1,,,
NVIDIA NVS 3100M,,,,,,,,,,,,,0x10de,0x0a6c,0x0a6c,12,6658,12,6658,,,,,,,,,,,,,,1280,1024,3,2,4,1,,,
NVIDIA ION,,,,,,,,,,,,,0x10de,0x0a6f,0x0a6f,12,6658,12,6658,,,,,,,,,,,,,,800,600,0,0,0,1,,,
NVIDIA GeForce 310M,,,,,,,,,,,,,0x10de,0x0a70,0x0a70,12,6658,12,6658,,,,,,,,,,,,,,1280,1024,3,2,4,1,,,
NVIDIA GeForce 310M,,,,,,,,,,,,,0x10de,0x0a72,0x0a72,12,6658,12,6658,,,,,,,,,,,,,,1280,1024,3,2,4,1,,,
NVIDIA GeForce G210M,,,,,,,,,,,,,0x10de,0x0a74,0x0a74,12,6658,12,6658,,,,,,,,,,,,,,1280,1024,3,2,4,1,,,
NVIDIA GeForce 310M,,,,,,,,,,,,,0x10de,0x0a75,0x0a75,12,6658,12,6658,,,,,,,,,,,,,,1280,1024,3,2,4,1,,,
NVIDIA ION,,,,,,,,,,,,,0x10de,0x0a76,0x0a76,12,6658,12,6658,,,,,,,,,,,,,1,800,600,0,0,0,1,,,
NVIDIA Quadro FX 380 LP,,,,,,,,,,,,,0x10de,0x0a78,0x0a78,12,6658,12,6658,,,,,,,,,,,,,,800,600,1,0,0,1,,,
NVIDIA Quadro FX 380M,,,,,,,,,,,,,0x10de,0x0a7c,0x0a7c,12,6658,12,6658,,,,,,,,,,,,,,800,600,1,0,0,1,,,
NVIDIA GeForce GT 330,,,,,,,,,,,,,0x10de,0x0ca0,0x0ca0,12,6658,12,6658,,,,,,,,,,,,,,1900,1200,3,4,4,1,,,
NVIDIA GeForce GT 320,,,,,,,,,,,,,0x10de,0x0ca2,0x0ca2,12,6658,12,6658,,,,,,,,,,,,,,1900,1200,3,4,4,1,,,
NVIDIA GeForce GT 240,,,,,,,,,,,,,0x10de,0x0ca3,0x0ca3,12,6658,12,6658,,,,,,,,,,,,,,1900,1200,3,4,4,1,,,
NVIDIA GeForce GT 340,,,,,,,,,,,,,0x10de,0x0ca4,0x0ca4,12,6658,12,6658,,,,,,,,,,,,,,1900,1200,3,4,4,1,,,
NVIDIA GeForce GT 220,,,,,,,,,,,,,0x10de,0x0ca5,0x0ca5,12,6658,12,6658,,,,,,,,,,,,,,1900,1200,3,4,4,1,,,
NVIDIA GeForce GT 330,,,,,,,,,,,,,0x10de,0x0ca7,0x0ca7,12,6658,12,6658,,,,,,,,,,,,,,1900,1200,3,4,4,1,,,
NVIDIA GeForce GTS 250M,,,,,,,,,,,,,0x10de,0x0ca9,0x0ca9,12,6658,12,6658,,,,,,,,,,,,,,1900,1200,3,4,4,1,,,
NVIDIA GeForce GT 335M,,,,,,,,,,,,,0x10de,0x0caf,0x0caf,12,6658,12,6658,,,,,,,,,,,,,,1900,1200,3,4,4,1,,,
NVIDIA GeForce GTS 350M,,,,,,,,,,,,,0x10de,0x0cb0,0x0cb0,12,6658,12,6658,,,,,,,,,,,,,,1900,1200,3,4,4,1,,,
NVIDIA GeForce GTS 360M,,,,,,,,,,,,,0x10de,0x0cb1,0x0cb1,12,6658,12,6658,,,,,,,,,,,,,,1900,1200,3,4,4,1,,,
NVIDIA Quadro FX 1800M,,,,,,,,,,,,,0x10de,0x0cbc,0x0cbc,12,6658,12,6658,,,,,,,,,,,,,,1900,1200,3,4,4,1,,,
NVIDIA GeForce GT 440,,,,,,,,,,,,,0x10de,0x0dc0,0x0dc0,12,6658,12,6658,,,,,,,,,,,,,,1900,1200,3,4,4,1,,,
NVIDIA GeForce GTS 450,,,,,,,,,,,,,0x10de,0x0dc4,0x0dc6,12,6658,12,6658,,,,,,,,,,,,,,1900,1200,3,4,4,1,,,
NVIDIA GeForce GT 555M,,,,,,,,,,,,,0x10de,0x0dce,0x0dce,12,6658,12,6658,,,,,,,,,,,,,,1900,1200,3,4,4,1,,,
NVIDIA GeForce GTX 460M,,,,,,,,,,,,,0x10de,0x0dd1,0x0dd1,12,6658,12,6658,,,,,,,,,,,,,,1900,1200,3,4,4,1,,,
NVIDIA GeForce GT 445M,,,,,,,,,,,,,0x10de,0x0dd2,0x0dd2,12,6658,12,6658,,,,,,,,,,,,,,1900,1200,3,4,4,1,,,
NVIDIA Quadro 2000,,,,,,,,,,,,,0x10de,0x0dd8,0x0dd8,12,6658,12,6658,,,,,,,,,,,,,,1600,1200,1,1,1,1,,,
NVIDIA GeForce GT 440,,,,,,,,,,,,,0x10de,0x0de0,0x0de0,12,6658,12,6658,,,,,,,,,,,,,,1900,1200,3,4,4,1,,,
NVIDIA GeForce GT 430,,,,,,,,,,,,,0x10de,0x0de1,0x0de1,12,6658,12,6658,,,,,,,,,,,,,,1900,1200,3,4,4,1,,,
NVIDIA GeForce GT 425M,,,,,,,,,,,,,0x10de,0x0df0,0x0df0,12,6658,12,6658,,,,,,,,,,,,,,1900,1200,3,4,4,1,,,
NVIDIA GeForce GT 420M,,,,,,,,,,,,,0x10de,0x0df1,0x0df1,12,6658,12,6658,,,,,,,,,,,,,,1900,1200,3,4,4,1,,,
NVIDIA GeForce GT 435M,,,,,,,,,,,,,0x10de,0x0df2,0x0df2,12,6658,12,6658,,,,,,,,,,,,,,1900,1200,3,4,4,1,,,
NVIDIA GeForce GT 540M,,,,,,,,,,,,,0x10de,0x0df4,0x0df4,12,6658,12,6658,,,,,,,,,,,,,,1900,1200,3,4,4,1,,,
NVIDIA GeForce GT 550M,,,,,,,,,,,,,0x10de,0x0df6,0x0df6,12,6658,12,6658,,,,,,,,,,,,,,1900,1200,3,4,4,1,,,
NVIDIA Quadro 600,,,,,,,,,,,,,0x10de,0x0df8,0x0df8,12,6658,12,6658,,,,,,,,,,,,,,1900,1200,3,4,4,1,,,
NVIDIA GeForce GTX 460,,,,,,,,,,,,,0x10de,0x0e22,0x0e24,12,6658,12,6658,,,,,,,,,,,,,,1900,1200,3,4,4,1,,,
NVIDIA GeForce GTX 470M,,,,,,,,,,,,,0x10de,0x0e30,0x0e30,12,6658,12,6658,,,,,,,,,,,,,,1900,1200,3,4,4,1,,,
NVIDIA GeForce GTX 485M,,,,,,,,,,,,,0x10de,0x0e31,0x0e31,12,6658,12,6658,,,,,,,,,,,,,,1900,1200,3,4,4,1,,,
NVIDIA GeForce GT 520,,,,,,,,,,,,,0x10de,0x1040,0x1040,12,6658,12,6658,,,,,,,,,,,,,,1900,1200,3,4,4,1,,,
NVIDIA GeForce GTX 580,,,,,,,,,,,,,0x10de,0x1080,0x1080,12,6658,12,6658,,,,,,,,,,,,,,2560,1600,3,4,4,1,,,
NVIDIA GeForce GTX 570,,,,,,,,,,,,,0x10de,0x1081,0x1081,12,6658,12,6658,,,,,,,,,,,,,,2560,1600,3,4,4,1,,,
NVIDIA GeForce GTX 570,,,,,,,,,,,,,0x10de,0x1086,0x1086,12,6658,12,6658,,,,,,,,,,,,,,2560,1600,3,4,4,1,,,
NVIDIA GeForce GTX 590,,,,,,,,,,,,,0x10de,0x1088,0x1088,12,6658,12,6658,,,,,,,,,,,,,,2560,1600,3,4,4,1,,,
NVIDIA GeForce 8400,,,,,,,,,,,,,0x10de,0x10c3,0x10c3,12,6658,12,6658,,,,,,,,,,,,,,1024,768,0,0,1,1,,,
NVIDIA GeForce 8600,,,,,,,,,,,,,0x10de,0x10de,0x10de,12,6658,12,6658,,,,,,,,,,,,,,1024,768,1,0,1,1,,,
NVIDIA GeForce GTX 560,,,,,,,,,,,,,0x10de,0x1200,0x1201,12,6658,12,6658,,,,,,,,,,,,,,2560,1600,3,2,4,1,,,
NVIDIA GeForce GTX 550,,,,,,,,,,,,,0x10de,0x1244,0x1244,12,6658,12,6658,,,,,,,,,,,,,,1900,1200,3,4,4,1,,,
NVIDIA GeForce GTS 450,,,,,,,,,,,,,0x10de,0x1245,0x1245,,,,,,,,,,,,,,,,,,1900,1200,3,4,4,1,,,
Intel Unknown,,,,,,,,,,,,,0x8086,0x0000,0xffff,,,,,1,,92,92,92,,,,,,,,,1024,768,0,0,1,1,1,,
Intel HD Graphics,,,,,,,,,,,,,0x8086,0x0042,0x0042,,,,,,,92,92,92,,,,,,,,,1024,768,0,0,1,1,1,,
Intel HD Graphics,,,,,,,,,,,,,0x8086,0x0046,0x0046,,,,,,,92,92,92,,,,,,,,,1024,768,0,0,1,1,1,,
Intel HD Graphics 2000 (DT Sandy Bridge GT1),,,,,,,,,,,,,0x8086,0x0102,0x0102,,,,,,,92,92,92,,,,,,,,,1024,768,0,0,1,1,1,,
Intel HD Graphics 2000 (Mobile Sandy Bridge GT1),,,,,,,,,,,,,0x8086,0x0106,0x0106,,,,,,,92,92,92,,,,,,,,,1024,768,0,0,1,1,1,,
Intel HD Graphics 2000 (Sandy Bridge Server),,,,,,,,,,,,,0x8086,0x010a,0x010a,,,,,,,92,92,92,,,,,,,,,1024,768,0,0,1,1,1,,
Intel HD Graphics 3000 (DT Sandy Bridge GT2),,,,,,,,,,,,,0x8086,0x0112,0x0112,,,,,,,92,92,92,,,,,,,,,1280,1024,0,0,1,1,1,,
Intel HD Graphics 3000 (Mobile Sandy Bridge GT2),,,,,,,,,,,,,0x8086,0x0116,0x0116,,,,,,,92,92,92,,,,,,,,,1280,1024,0,0,1,1,1,,
Intel HD Graphics 3000 (DT Sandy Bridge GT2+),,,,,,,,,,,,,0x8086,0x0122,0x0122,,,,,,,92,92,92,,,,,,,,,1280,1024,0,0,1,1,1,,
Intel HD Graphics 3000 (Mobile Sandy Bridge GT2+),,,,,,,,,,,,,0x8086,0x0126,0x0126,,,,,,,92,92,92,,,,,,,,,1280,1024,0,0,1,1,1,,
Intel 815,,,,,,,,,,,,,0x8086,0x1132,0x1132,,,,,,,92,92,92,,,,,,,,,1024,768,0,0,1,1,1,,
Intel 845,,,,,,,,,,,,,0x8086,0x2562,0x2562,,,,,,,92,92,92,,,,,,,,,1024,768,0,0,1,1,1,,
Intel Graphics Media Accelerator 900,,,,,,,,,,,,,0x8086,0x2582,0x2582,,,,,,,92,92,92,,,,,,,,,1024,768,0,0,1,1,1,,
Intel Graphics Media Accelerator 900,,,,,,,,,,,,,0x8086,0x2592,0x2592,,,,,,,92,92,92,,,,,,,,,1024,768,0,0,1,1,1,,
Intel Graphics Media Accelerator 950,,,,,,,,,,,,,0x8086,0x2772,0x2772,,,,,,,92,92,92,,,,,,,,,1024,768,0,0,1,1,1,,
Intel Graphics Media Accelerator 950,,,,,,,,,,,,,0x8086,0x2776,0x2776,,,,,,,92,92,92,,,,,,,,,1024,768,0,0,1,1,1,,
Intel Graphics Media Accelerator 900,,,,,,,,,,,,,0x8086,0x2782,0x2782,,,,,,,92,92,92,,,,,,,,,1024,768,0,0,1,1,1,,
Intel Graphics Media Accelerator 900,,,,,,,,,,,,,0x8086,0x2792,0x2792,,,,,,,92,92,92,,,,,,,,,1024,768,0,0,1,1,1,,
Intel Graphics Media Accelerator 950,,,,,,,,,,,,,0x8086,0x27a2,0x27a2,,,,,,,92,92,92,,,,,,,,,1024,768,0,0,1,1,1,,
Intel Graphics Media Accelerator 950,,,,,,,,,,,,,0x8086,0x27a6,0x27a6,,,,,,,92,92,92,,,,,,,,,1024,768,0,0,1,1,1,,
Mobile Intel 945 Express,,,,,,,,,,,,,0x8086,0x27ae,0x27ae,,,,,,,92,92,92,,,,,,,,,1024,768,0,0,1,1,1,,
Intel Graphics Media Accelerator 3000,,,,,,,,,,,,,0x8086,0x2972,0x2973,,,,,,,92,92,92,,,,,,,,,1024,768,0,0,1,1,1,,
Intel Graphics Media Accelerator X3500,,,,,,,,,,,,,0x8086,0x2982,0x2983,,,,,,,92,92,92,,,,,,,,,1024,768,0,0,1,1,1,,
Intel Graphics Media Accelerator 3000,,,,,,,,,,,,,0x8086,0x2992,0x2993,,,,,,,92,92,92,,,,,,,,,1024,768,0,0,1,1,1,,
Intel Graphics Media Accelerator X3000,,,,,,,,,,,,,0x8086,0x29a2,0x29a3,,,,,,,92,92,92,,,,,,,,,1024,768,0,0,1,1,1,,
Intel Graphics Media Accelerator 3100,,,,,,,,,,,,,0x8086,0x29b2,0x29b3,,,,,,,92,92,92,,,,,,,,,1024,768,0,0,1,1,1,,
Intel Graphics Media Accelerator 3100,,,,,,,,,,,,,0x8086,0x29c2,0x29c3,,,,,,,92,92,92,,,,,,,,,1024,768,0,0,1,1,1,,
Intel Graphics Media Accelerator 3100,,,,,,,,,,,,,0x8086,0x29d2,0x29d3,,,,,,,92,92,92,,,,,,,,,1024,768,0,0,1,1,1,,
Intel Graphics Media Accelerator X3100,,,,,,,,,,,,,0x8086,0x2a02,0x2a03,,,,,,,92,92,92,,,,,,,,,1024,768,0,0,1,1,1,,
Intel Graphics Media Accelerator X3100,,,,,,,,,,,,,0x8086,0x2a12,0x2a13,,,,,,,92,92,92,,,,,,,,,1024,768,0,0,1,1,1,,
Mobile Intel Graphics Media Accelerator 4500HD,,,,,,,,,,,,,0x8086,0x2a42,0x2a43,,,,,,,92,92,92,,,,,,,,,1024,768,0,0,1,1,1,,
Intel Graphics Media Accelerator X4500HD,,,,,,,,,,,,,0x8086,0x2e02,0x2e03,,,,,,,92,92,92,,,,,,,,,1024,768,0,0,1,1,1,,
Intel Graphics Media Accelerator 4500,,,,,,,,,,,,,0x8086,0x2e12,0x2e13,,,,,,,92,92,92,,,,,,,,,1024,768,0,0,1,1,1,,
Intel Graphics Media Accelerator X4500,,,,,,,,,,,,,0x8086,0x2e22,0x2e23,,,,,,,92,92,92,,,,,,,,,1024,768,0,0,1,1,1,,
Intel Graphics Media Accelerator 4500,,,,,,,,,,,,,0x8086,0x2e32,0x2e33,,,,,,,92,92,92,,,,,,,,,1024,768,0,0,1,1,1,,
Intel Graphics Media Accelerator 4500,,,,,,,,,,,,,0x8086,0x2e42,0x2e43,,,,,,,92,92,92,,,,,,,,,1024,768,0,0,1,1,1,,
Intel Graphics Media Accelerator 4500,,,,,,,,,,,,,0x8086,0x2e92,0x2e93,,,,,,,92,92,92,,,,,,,,,1024,768,0,0,1,1,1,,
Intel 830M,,,,,,,,,,,,,0x8086,0x3577,0x3577,,,,,,,92,92,92,,,,,,,,,1024,768,0,0,1,1,1,,
Intel 852/855,,,,,,,,,,,,,0x8086,0x3582,0x3582,,,,,,,92,92,92,,,,,,,,,1024,768,0,0,1,1,1,,
Intel 810,,,,,,,,,,,,,0x8086,0x7121,0x7121,,,,,,,92,92,92,,,,,,,,,1024,768,0,0,1,1,1,,
Intel 810,,,,,,,,,,,,,0x8086,0x7123,0x7123,,,,,,,92,92,92,,,,,,,,,1024,768,0,0,1,1,1,,
Intel 810,,,,,,,,,,,,,0x8086,0x7125,0x7125,,,,,,,92,92,92,,,,,,,,,1024,768,0,0,1,1,1,,
Intel 810e Chipset Graphics,,,,,,,,,,,,,0x8086,0x7127,0x7127,,,,,,,92,92,92,,,,,,,,,1024,768,0,0,1,1,1,,
